code_muni,municipality,state,inc_media_100k,casos_totais,pop_media,natural_ha,hydro_ha,açudes_canais_ha,taxa_esgoto_media
110004,Cacoal,Rondônia,0.22928943205007682,1,86756.4,851.4756520606186,0.0,328.412344519321,34.942
110005,Cerejeiras,Rondônia,1.2162490878131842,1,17329.2,76.14076930447202,0.0,113.23638704051241,66.4
110006,Colorado do Oeste,Rondônia,1.062868682574268,1,17606.4,21.44521765827964,0.0,81.72214063826964,15.37
110011,Jaru,Rondônia,1.0743193246264107,3,54224.6,410.8654906252626,0.0,386.36183433490277,15.37
110012,Ji-Paraná,Rondônia,1.2098941204653724,8,130304.4,3736.394881960012,0.0,636.3228251476694,15.37
110014,Nova Brasilândia D'Oeste,Rondônia,0.919667080516853,1,21188.4,122.060751028861,0.0,174.5688112038044,15.37
110015,Ouro Preto do Oeste,Rondônia,25.398046626769695,49,38379.6,279.33192893559,0.0,376.5196274780646,15.37
110018,Pimenta Bueno,Rondônia,0.5455537370430987,1,37288.6,711.691740500661,4777.209730268361,0.0,1.8960000000000001
110020,Porto Velho,Rondônia,0.0776254763342045,2,516495.6,51398.308813324904,43266.21037012976,0.0,11.376000000000001
110025,Presidente Médici,Rondônia,5.017174551466304,5,21082.6,827.6995251687961,0.0,222.99168697972118,15.37
110029,Santa Luzia D'Oeste,Rondônia,2.391772303276728,1,7673.6,45.0151026041905,0.0,181.15457864589501,15.37
110030,Vilhena,Rondônia,0.2178625505168789,1,95695.6,572.2905748427345,0.0,219.11060197873582,15.37
110032,São Miguel do Guaporé,Rondônia,1.7050424574660916,2,23621.8,484.807638824385,0.0,155.2333255371998,15.37
110130,Mirante da Serra,Rondônia,3.6101083032490977,2,11790.6,24.23489593393356,0.0,399.9431007054996,15.37
110149,São Francisco do Guaporé,Rondônia,2.0310754544531333,2,19631.4,4772.498754122312,0.0,146.5412346009876,15.37
110155,Teixeirópolis,Rondônia,4.642525533890437,1,4718.4,1.2644936059570266,0.0,48.15745609863276,15.37
110170,Urupá,Rondônia,4.955079911897771,3,12545.8,180.90911368697738,0.0,446.44511007107,15.37
110175,Vale do Anari,Rondônia,1.793882859449278,1,11044.6,1887.45542973498,0.0,174.486771614511,15.37
140047,Rorainópolis,Roraima,0.6772085463718552,1,28591.0,64804.0217403518,0.0,154.52718498015253,23.48
150080,Ananindeua,Pará,0.8117581368847919,21,517691.8,1913.3549967084539,0.0,18.56023543924724,4.554
150140,Belém,Pará,0.013830856918402093,1,1463271.0,56338.496999745534,0.0,241.349533030561,14.057999999999998
150170,Bragança,Pará,0.31481703941739014,2,124543.0,5240.265050976204,0.0,244.84403032781861,20.637
150178,Breu Branco,Pará,0.6454710956333873,2,63787.4,3864.7767772858415,21199.97246958116,0.0,100.0
150195,Cachoeira do Piriá,Pará,1.2779552715654954,2,32692.8,968.1535944532579,0.0,52.039574619609674,20.508333333333333
150420,Marabá,Pará,0.07492544917806782,1,271009.2,11281.278540472918,0.0,506.9827896970566,20.642
150543,Ourilândia do Norte,Pará,1.227992821560073,2,31841.4,2993.2010421530163,0.0,230.53557315203676,20.355
150550,Paragominas,Pará,0.5478024165458591,3,110098.4,4831.030083285,0.0,974.1786447898246,8.196
150770,São Sebastião da Boa Vista,Pará,0.7507507507507507,1,25909.2,12554.061875999261,0.0,1.769289409179684,22.883333333333336
210160,Barra do Corda,Maranhão,0.22780600041005078,1,87190.8,97.31254978659221,0.0,72.2392399856244,35.522000000000006
210190,Bequimão,Maranhão,14.14515610859963,15,21028.2,5621.072950408716,0.0,24.544996143798777,37.72
210315,Centro do Guilherme,Maranhão,28.804533746819665,19,13313.2,20.45473121704098,0.0,102.77357891743677,31.87
210360,Coroatá,Maranhão,0.31337647482803466,1,64537.4,401.6687596507782,0.0,101.23282014026094,6.304
210420,Fortuna,Maranhão,1.2873326467559216,1,15368.0,26.049800836224676,0.0,3.894097640486172,35.522000000000006
210620,Luís Domingues,Maranhão,2.8914269191846174,1,6870.4,2031.63834736625,0.0,14.56956054528085,35.522000000000006
210750,Paço do Lumiar,Maranhão,0.8270984137916184,5,120606.0,341.2594566673746,0.0,6.162673939208981,46.21
210770,Paraibano,Maranhão,2.8055737398297955,3,21138.4,4.282650836181636,0.0,6.699527739257808,35.522000000000006
210860,Pinheiro,Maranhão,1.4490691397328206,6,82422.6,442.28362458472003,0.0,3586.675168910934,35.522000000000006
211100,São João Batista,Maranhão,4.844166802125418,5,20421.6,11381.12796285924,0.0,239.46046038631638,35.522000000000006
211170,São Vicente Ferrer,Maranhão,61.099784106724826,64,21356.0,665.7568383928394,0.0,109.09502220165959,35.522000000000006
220600,Marcos Parente,Piauí,4.466279589102277,1,4507.4,0.1597013952636714,0.0,6.530509798583978,29.862000000000002
220800,Picos,Piauí,0.26128762541806017,1,77289.0,1.31466758191157,0.0,41.97523480822992,36.438
230015,Acarape,Ceará,1.3396744591064373,1,15915.4,0.10748200904756415,0.0,162.31671856162342,23.14
230120,Aracoiaba,Ceará,9.90093733394994,13,26302.4,28.049896975552393,0.0,785.1692862541032,22.207
230210,Baturité,Ceará,2.854804616638966,5,35355.8,6.881251107694735,0.0,60.29652422268966,1.846
230420,Crato,Ceará,0.6072270811454207,4,130488.2,18.29779784790038,0.0,102.30685628245615,37.116
231010,Palmácia,Ceará,18.213843291104883,12,13119.6,2.657422686767577,0.0,85.01843619140605,25.578
231160,Redenção,Ceará,7.990237078103408,11,27751.4,4.547388518066404,0.0,232.4140221079042,2.886
231230,São Benedito,Ceará,0.43317233761451995,1,46817.0,0.0,0.0,7.418116169146346,24.146
231240,São Gonçalo do Amarante,Ceará,0.4122351389232418,1,48058.2,880.3674462181232,0.0,638.7937206944702,100.0
231380,Uruburetama,Ceará,3.7725172121097805,4,21560.2,0.1962903198242186,0.0,69.75565853944572,22.207
240260,Ceará-Mirim,Rio Grande do Norte,0.5416457907351487,2,73338.6,311.70664827041577,0.0,94.90053673189523,10.948
240420,Goianinha,Rio Grande do Norte,1.5344483658124903,2,25870.6,128.9245508344532,0.0,22.69901916375606,24.438
240580,João Câmara,Rio Grande do Norte,0.5721642111285938,1,34842.6,1.7260939566434939,0.0,66.41500995679668,32.376
240810,Natal,Rio Grande do Norte,0.7082754128395631,31,878911.6,1037.1995042561762,0.0,26.258523632688004,44.760000000000005
240820,Nísia Floresta,Rio Grande do Norte,7.970436924860517,11,27166.8,1818.92326468454,0.0,114.68217631699947,0.68
240830,Nova Cruz,Rio Grande do Norte,0.5326657256238847,1,37442.6,15.036038576612219,0.0,34.258801606713334,23.041999999999998
240895,Rio do Fogo,Rio Grande do Norte,1.8346940647647003,1,10825.2,321.74583639029044,0.0,10.22889200970818,39.444
240980,Pedro Velho,Rio Grande do Norte,12.107325346242154,9,14854.2,5.744239670271326,0.0,9.664381420237792,20.994
241220,São José de Mipibu,Rio Grande do Norte,1.3773873165099924,3,43664.6,47.457616419179864,0.0,58.17152681313678,1.14
250050,Alagoinha,Paraíba,2.782911382994278,2,14396.0,0.2662675390624996,0.0,35.6917183585276,94.58500000000001
250053,Alcantil,Paraíba,40.247263237876034,11,5478.0,1.5561020061465962,0.0,3.2788620422937704,85.87
250110,Areia,Paraíba,3.4873583260680037,4,22924.6,1.9580516499932936,0.0,83.72929297014768,94.58500000000001
250130,Aroeiras,Paraíba,11.458770506344393,11,19175.8,25.05703398312072,0.0,108.26182216670506,94.58500000000001
250150,Bananeiras,Paraíba,0.9429514380009429,1,21222.8,1.6336287924613164,0.0,46.788809740851875,94.58500000000001
250180,Bayeux,Paraíba,0.6207340702630513,3,96632.6,156.5902603914718,0.0,0.390416596679686,13.313999999999998
250190,Belém,Paraíba,6.817542673922285,6,17647.0,0.2973234097541355,0.0,9.056975990387553,94.58500000000001
250250,Boqueirão,Paraíba,2.2419011321600717,2,17764.8,16.755492054443383,0.0,968.1261697060105,100.0
250290,Brejo dos Santos,Paraíba,3.097413659594239,1,6437.4,0.5331076171875,0.0,6.007138733599492,94.58500000000001
250320,Cabedelo,Paraíba,0.6094402291495261,2,66988.2,230.91082859972562,0.0,2.345125348632808,19.82
250610,Fagundes,Paraíba,1.7613386173491854,1,11328.8,0.0,0.0,36.81171089439722,100.0
250710,Itapororoca,Paraíba,1.0795055864414098,1,18547.8,7.344286319982165,0.0,80.55364616398126,94.58500000000001
250720,Itatuba,Paraíba,20.342010633599813,11,10837.4,5.675772008200238,0.0,130.57890021104768,100.0
250750,João Pessoa,Paraíba,0.024721420492821517,1,802818.4,314.880883107413,0.0,39.179844611816335,73.628
251010,Nova Floresta,Paraíba,1.8800526414739616,1,10644.4,6.840830167236308,0.0,4.814836571992742,94.58500000000001
251120,Pedras de Fogo,Paraíba,26.735448435720308,38,28405.4,51.0830182092285,0.0,114.2996593370428,14.27
251150,Pilar,Paraíba,1.6782747335738861,1,11871.8,8.710170147705062,0.0,15.396521321131042,94.58500000000001
251160,Pilões,Paraíba,9.08127743302558,3,6663.4,0.0,0.0,1.171789210205072,94.58500000000001
251180,Pirpirituba,Paraíba,15.133608676378874,8,10572.2,0.04004304967543656,0.0,10.500594879949785,94.58500000000001
251210,Pombal,Paraíba,0.6107056704021496,1,32753.4,18.926891912152424,0.0,212.3423800496086,100.0
251250,Queimadas,Paraíba,0.45511434747980434,1,43942.0,1.195344157839307,0.0,73.45615132220824,2.462
251275,Riachão do Bacamarte,Paraíba,4.4414834554741285,1,4505.8,0.17739886474609362,0.0,0.39606058729702803,94.58500000000001
251278,Riacho de Santo Antônio,Paraíba,10.23017902813299,1,1952.4,0.0,0.0,0.28392501482555865,94.58500000000001
251385,Santo André,Paraíba,7.898894154818325,1,2528.4,3.44149341552734,0.0,32.45961422315885,96.92
251590,Serraria,Paraíba,3.2504469364537627,1,6119.8,0.0,0.0,3.938154203024466,0.7
251700,Umbuzeiro,Paraíba,28.272635905715752,14,9902.4,1.8067226222043449,0.0,1.1663699862467407,51.86999999999999
260050,Águas Belas,Pernambuco,0.9207467255944571,2,43024.4,0.7418458740234366,0.0,14.725999596267963,83.99
260100,Angelim,Pernambuco,1.8063583815028903,1,11022.8,0.07068064453125,0.0,4.520066439472268,68.846
260105,Araçoiaba,Pernambuco,1.9844824635723863,2,20193.2,45.175702563457335,0.0,40.16697985107416,68.846
260120,Arcoverde,Pernambuco,0.26904140547230215,1,73525.6,0.7784708178710934,0.0,10.482987415417218,6.0
260170,Belo Jardim,Pernambuco,0.5250377370873531,2,75960.2,1.4687609521484346,0.0,147.95230242784413,83.08
260190,Bezerros,Pernambuco,1.6537399328581586,5,60583.2,3.0791431506347644,0.0,52.2642957374004,68.846
260220,Bom Jardim,Pernambuco,0.5104124132298897,1,39048.2,25.9761310974791,0.0,11.947579376144073,13.474
260310,Cachoeirinha,Pernambuco,0.9896580731357316,1,20176.0,0.01865960159600948,0.0,1.5337073703661102,94.576
260330,Calçado,Pernambuco,3.5995661538876162,2,11085.4,0.0,0.0,3.552883391199444,68.846
260350,Camocim de São Félix,Pernambuco,1.0658140154543032,1,18541.4,4.148501879049862,0.0,31.68483366067802,55.470000000000006
260440,Chã de Alegria,Pernambuco,5.968374021900464,4,13370.0,7.2339939499080685,0.0,2.9412293520795005,68.846
260490,Cumaru,Pernambuco,1.8338529249954152,1,11912.8,0.6978882728056057,0.0,21.43756856692321,68.846
260580,Frei Miguelinho,Pernambuco,1.2939121433654655,1,15304.4,0.035428603515625004,0.0,2.089832139562264,68.846
260720,Ipojuca,Pernambuco,0.21513472812348736,1,93950.4,1068.675674613342,0.0,121.10324214484679,18.618000000000002
260775,Itapissuma,Pernambuco,7.620862022287824,10,26251.4,772.8584997796398,0.0,14.055443922932861,30.424
260790,Jaboatão dos Guararapes,Pernambuco,0.08600473599412875,3,694627.4,570.112997268467,0.0,40.60359758546354,13.006
260795,Jaqueira,Pernambuco,3.4293552812071324,2,11654.2,5.778839402286298,3.7494647822169838,1.483285502068012,68.605
260800,Jataúba,Pernambuco,2.3463201908160585,2,17009.4,2.054388151855466,0.0,10.67940158569334,68.846
260830,Jupi,Pernambuco,5.4203416117471575,4,14688.0,2.9856132917336837,0.0,3.7932529921827056,68.846
260845,Lagoa do Carro,Pernambuco,1.1067456145205026,1,17782.4,98.25444450356169,0.0,7.266086398111971,68.846
260870,Lagoa dos Gatos,Pernambuco,2.4750943629725883,2,16224.2,46.40664703113514,2.4539526275179937,20.972233360839788,68.846
260910,Machados,Pernambuco,1.30607980147587,1,15728.6,7.441732316142961,0.0,2.0913551257324157,68.846
260915,Manari,Pernambuco,0.9330969487729774,1,20909.8,0.03617784341969208,0.0,9.84463440850468,68.846
260950,Nazaré da Mata,Pernambuco,1.24750499001996,2,32271.0,9.781506719970686,0.0,32.00809362724508,30.920000000000005
261000,Palmares,Pernambuco,2.5668279037260864,8,62789.4,99.72172556505608,0.0,22.157863668212848,68.846
261010,Palmeirina,Pernambuco,10.330728525889956,4,7815.2,0.05299558227539045,0.0,2.4230904036937,68.846
261020,Panelas,Pernambuco,9.065387972513758,12,26457.4,13.718274605712853,0.0,24.93483471635162,100.0
261030,Paranatama,Pernambuco,1.7356591165495097,1,11442.0,0.1060149182128904,0.0,4.187776386718748,68.846
261160,Recife,Pernambuco,0.845394442288978,69,1632004.8,716.5239751812626,0.0,4.267754954833982,72.79400000000001
261200,Sairé,Pernambuco,3.90334341582816,2,10156.8,29.387731460032683,0.0,58.24257716219074,100.0
261250,Santa Cruz do Capibaribe,Pernambuco,7.079814934946716,37,104955.8,0.3866254295821842,0.0,15.311497907700481,100.0
261310,São Caitano,Pernambuco,0.5440252427712646,1,37009.0,9.324698876953127,0.0,14.315687495117151,100.0
261320,São João,Pernambuco,2.6583783048008494,3,22605.6,41.6775986059091,0.0,39.356821016137175,68.846
261340,São José da Coroa Grande,Pernambuco,1.8931172289762983,2,20850.8,54.64652673170379,0.0,1.0249408386230425,68.846
261370,São Lourenço da Mata,Pernambuco,1.0692295298046268,6,111830.4,618.4188975065301,0.0,69.13814269321583,19.125999999999998
261540,Toritama,Pernambuco,35.19409934840744,76,43791.8,0.9850744225834831,0.0,0.9506987753571148,68.846
261550,Tracunhaém,Pernambuco,1.4525383106979448,1,13684.2,8.256566430664044,0.0,10.52580915405271,68.846
261620,Vertentes,Pernambuco,2.8942163909121605,3,20378.4,0.4251317041015622,0.0,3.804349943306712,68.846
270070,Batalha,Alagoas,1.0969723562966214,1,18514.2,3.0018517575156984,0.0,6.6839415161276206,44.054
270140,Campo Alegre,Alagoas,0.35048980950878855,1,56925.6,144.1503105592252,0.0,69.05890057251018,37.066
270150,Campo Grande,Alagoas,45.95780503896539,22,9628.2,4.351619298095694,0.0,39.17991016243,30.669999999999998
270220,Coqueiro Seco,Alagoas,3.4328870580157917,1,5870.8,1055.4368821731139,0.0,0.0,30.669999999999998
270230,Coruripe,Alagoas,0.7025802258795426,2,56940.6,877.0950645067002,0.0,101.11100801570612,7.736
270290,Girau do Ponciano,Alagoas,0.9816106056765316,2,40843.0,1.53889062043313,0.0,56.72347750618953,30.669999999999998
270350,Jacuípe,Alagoas,5.64658251642068,2,7100.4,7.372229799503096,0.0,9.131754913708232,26.427999999999997
270370,Jaramataia,Alagoas,3.5236081747709656,1,5684.6,5.638069635900143,0.0,146.85453468748545,61.872
270380,Joaquim Gomes,Alagoas,15.734989125489628,19,24082.2,0.8597724943847638,0.0,7.65208381710994,30.669999999999998
270400,Junqueiro,Alagoas,0.7971938775510203,1,24944.6,92.86943086791975,0.0,12.382682773724717,30.669999999999998
270430,Maceió,Alagoas,0.05908582289304561,3,1019188.2,1998.21908795546,0.0,56.20907792062552,48.692
270440,Major Isidoro,Alagoas,2.00755250005952,2,20013.6,1.0053607897949184,0.0,33.91015261033712,30.669999999999998
270450,Maragogi,Alagoas,0.6071645415907712,1,32550.4,23.47929554846428,0.0,19.86627623388668,61.5
270460,Maravilha,Alagoas,2.144542140253056,1,9453.0,0.01765468627929686,0.0,8.509420521240221,30.669999999999998
270470,Marechal Deodoro,Alagoas,0.3827018752391887,1,51674.4,3276.160396569726,0.0,23.62283248466218,31.3
270560,Novo Lino,Alagoas,17.275225755791126,11,12700.8,10.722961660156198,0.0,3.42754254882812,23.5
270590,Olho d'Água Grande,Alagoas,31.052160403186882,8,5160.0,0.0,0.0,10.135250376799908,30.669999999999998
270600,Olivença,Alagoas,1.7254766629281342,1,11681.2,0.4763611645507808,0.0,27.55313090576172,30.669999999999998
270630,Palmeira dos Índios,Alagoas,0.2700914259476833,1,73689.8,15.49180971259852,0.0,32.23596974391558,5.436
270640,Pão de Açúcar,Alagoas,2.4331294107041903,3,24669.8,1633.061132268522,0.0,106.81708604064667,30.669999999999998
270730,Porto Calvo,Alagoas,0.7272462819533835,1,27286.2,29.0327198735112,0.0,4.3983873547363235,29.595
270800,Santana do Ipanema,Alagoas,0.41969194611155414,1,47845.0,0.38823741699218595,0.0,7.657396127230759,6.326
270820,São Brás,Alagoas,17.103582775113814,6,7010.4,961.0448869592104,0.0,68.71177407222717,30.669999999999998
270840,São José da Tapera,Alagoas,0.6197514796566577,1,32344.6,0.6174746301269516,0.0,49.252330001685024,30.669999999999998
270880,São Sebastião,Alagoas,1.173662284821952,2,34262.4,37.4841320893937,0.0,25.99462368010392,30.669999999999998
270895,Senador Rui Palmeira,Alagoas,1.4473874656245476,1,13921.4,0.28233216796874966,0.0,2.0117491540527306,30.669999999999998
270920,Traipu,Alagoas,3.5911133029649585,5,27830.6,1318.402831324934,0.0,53.75965992149196,30.669999999999998
280020,Aquidabã,Sergipe,7.451261319132999,8,21471.8,0.3696143957519528,0.0,12.58409849975582,49.95
280030,Aracaju,Sergipe,1.112089966758989,36,646065.0,2198.7179913116697,0.0,27.12839177490228,51.64
280050,Areia Branca,Sergipe,12.997097020400028,12,18384.0,29.331704292959238,0.0,63.26373926619001,100.0
280110,Canhoba,Sergipe,39.61013579271108,8,4038.2,76.67341715025643,0.0,21.30375871463786,51.131
280140,Carira,Sergipe,1.8465924032434766,2,21759.4,2.38251425046913,0.0,78.79388747064564,51.131
280190,Cumbe,Sergipe,14.97134004338572,3,3992.0,9.677355332031237,0.0,9.29112594238277,30.7
280230,Frei Paulo,Sergipe,13.166551940194248,10,15260.0,9.619097542724596,0.0,22.77550754451972,51.131
280240,Gararu,Sergipe,3.4291490189694116,2,11680.0,832.3995671187188,0.0,22.86083570749072,23.37
280290,Itabaiana,Sergipe,0.4274783054759971,2,94656.8,2.126567833251948,0.0,217.825430456801,20.572
280340,Japoatã,Sergipe,16.662610858832174,11,13248.8,1.8470760131835913,0.0,4.82412673188093,51.131
280370,Macambira,Sergipe,5.798836000103653,2,6882.6,0.1406354077148436,0.0,8.481316523356117,28.3
280380,Malhada dos Bois,Sergipe,49.08426243012134,9,3673.2,1.072277128350947,0.0,0.7168324761268762,51.131
280410,Moita Bonita,Sergipe,40.35583073810757,23,11381.2,0.28131631835937443,0.0,13.70205081785664,100.0
280440,Neópolis,Sergipe,18.989344867602068,18,18864.2,451.7233972133502,0.0,15.007115268004119,51.131
280450,Nossa Senhora da Glória,Sergipe,5.507914100933533,10,36390.2,16.47842591868194,0.0,99.71883779177642,51.131
280460,Nossa Senhora das Dores,Sergipe,1.5021217469675916,2,26477.4,17.783568630370986,0.0,18.96506593319156,51.131
280480,Nossa Senhora do Socorro,Sergipe,0.2202366168319839,2,180812.8,1066.487868310426,0.0,0.0,39.7
280500,Pedra Mole,Sergipe,18.54140914709518,3,3235.4,0.0351627819824218,0.0,3.8418091008587965,51.131
280520,Pinhão,Sergipe,3.0506406345332517,1,6518.8,0.0351630541992186,0.0,4.906003175048824,51.131
280550,Poço Verde,Sergipe,1.6965768263349479,2,23610.0,2.079657059694773,0.0,16.681968587488456,51.131
280570,Propriá,Sergipe,2.703391147146978,4,29683.8,617.2296381609748,0.0,116.43178382607118,51.131
280580,Riachão do Dantas,Sergipe,11.11111111111111,11,19918.0,0.17554940429687482,0.0,9.444947637939432,51.131
280600,Ribeirópolis,Sergipe,7.5456266362332745,7,18537.2,0.43963870361328106,0.0,30.875706293442484,29.52
280610,Rosário do Catete,Sergipe,14.739751266697374,8,10629.6,3.920096231689448,0.0,10.183195336856606,100.0
280620,Salgado,Sergipe,13.914479891061655,14,20069.0,0.9129328381347633,0.0,9.268722955068531,51.131
280660,Santo Amaro das Brotas,Sergipe,4.978839930296241,3,12082.0,1548.179850840296,0.0,33.00007230755974,51.131
280670,São Cristóvão,Sergipe,0.2299405603651456,1,88685.6,1874.53174794802,0.0,425.89347704603426,29.012
280680,São Domingos,Sergipe,32.533360660949505,18,11071.8,0.01757303588867186,0.0,0.509563541259765,51.131
280760,Umbaúba,Sergipe,3.1906279029034548,4,24963.6,0.5611060668945308,0.0,10.906021042480415,51.131
290035,Adustina,Bahia,1.1737089201877935,1,17116.0,4.791199625368571,0.0,73.01161018341138,51.155
290040,Água Fria,Bahia,1.1785503830288744,1,17170.6,0.6302436926269525,0.0,3.256865278320312,51.155
290080,Alcobaça,Bahia,0.8590327291469805,1,22981.6,324.73129177679664,0.0,16.04114393164538,51.155
290090,Almadina,Bahia,14.146052682803528,4,5844.4,2.3146261286190217,0.0,3.894700437011712,51.155
290115,América Dourada,Bahia,2.424522696281018,2,16538.6,10.258548248975542,0.0,2.4386077779852124,51.155
290120,Anagé,Bahia,6.119262428421623,6,19937.4,42.61505721019546,0.0,493.153083041198,51.155
290135,Andorinha,Bahia,1.2911555842479019,1,15023.4,3.713126057128902,0.0,61.61746956482623,51.155
290140,Angical,Bahia,1.3583265417006247,1,14423.0,160.16211331468722,0.0,36.79644050128766,51.155
290160,Antas,Bahia,1.0367528899486806,1,19303.6,0.0,0.0,1.1787208972167909,51.155
290180,Antônio Gonçalves,Bahia,4.970178926441351,3,11952.2,0.22618848339365,0.0,19.168291844520706,51.155
290200,Aracatu,Bahia,10.503439954818782,7,13687.6,21.403639995117118,0.0,73.50952897109082,51.155
290210,Araci,Bahia,0.35755787968177344,1,55284.0,66.03683041394747,0.0,1383.538315476336,80.558
290225,Arataca,Bahia,9.075233687267447,5,11438.6,1.1912924194335925,0.0,2.796850627441402,51.155
290300,Barra do Mendes,Bahia,1.3768415255404103,1,14284.2,2.5359001892089816,0.0,20.513962555123104,51.155
290320,Barreiras,Bahia,2.330223076845744,18,155269.0,271.2851666413044,0.0,152.8150534689602,52.967999999999996
290323,Barro Alto,Bahia,14.804487617774907,11,15084.0,11.151109429419385,0.0,6.863689329005813,51.155
290327,Barrocas,Bahia,6.269032642336829,5,16011.4,0.8413896545410138,0.0,0.0,51.155
290350,Belo Campo,Bahia,13.055540444976335,12,17894.0,10.628933226548117,0.0,283.6689313002408,51.155
290390,Bom Jesus da Lapa,Bahia,1.149441713240599,4,69598.2,3807.0051681399623,0.0,192.5751639645754,61.84400000000001
290405,Bonito,Bahia,4.790344995910902,4,16882.2,12.930227700066022,0.0,25.48722952756392,51.155
290450,Brotas de Macaúbas,Bahia,1.8224895206852563,1,10733.0,0.01750721313476562,0.0,8.27388760131834,83.356
290480,Caatiba,Bahia,1.9912385503783352,1,8370.4,0.06911900390625,0.0,1.883690572509763,51.155
290500,Caculé,Bahia,2.6036016489477105,3,23452.4,14.580065706552507,0.0,221.55696153965658,15.607999999999999
290515,Caetanos,Bahia,3.734761722132474,3,15639.8,0.8844491918945308,0.0,19.3408399969123,51.155
290520,Caetité,Bahia,0.392349190779794,1,51983.2,23.45667710631604,0.0,153.88848429830583,51.155
290530,Cafarnaum,Bahia,2.1045985478270017,2,18682.2,16.600045344468032,0.0,8.849200473340778,51.155
290560,Camacan,Bahia,33.09604207616221,55,32744.0,19.192785621203804,0.0,7.332878251771211,39.522000000000006
290570,Camaçari,Bahia,0.13656619956240645,2,293748.2,1507.177660208142,0.0,86.67505731144675,32.582
290600,Campo Formoso,Bahia,3.3705024857455834,12,72191.0,45.827840484149945,0.0,59.35396445615011,6.351999999999999
290610,Canápolis,Bahia,2.0595201318092884,1,9973.8,0.4879895703124998,0.0,7.54543751342773,53.378
290620,Canarana,Bahia,5.293068932043468,7,26428.4,9.49783114656094,0.0,2.54025084526271,51.155
290680,Cansanção,Bahia,0.5749770009199632,1,35429.8,23.980315904818628,0.0,756.5439820076654,60.0
290687,Capim Grosso,Bahia,1.2742099898063202,2,30606.4,2.615252779756429,0.0,245.83557948625239,5.074
290689,Caraíbas,Bahia,2.1961128802020426,1,9547.4,12.079235267491939,0.0,457.63558035488006,48.54
290710,Carinhanha,Bahia,0.6676681689200468,1,29619.4,2162.508761925788,0.0,47.4364490184972,25.848000000000003
290730,Castro Alves,Bahia,12.48256112783611,17,26831.6,21.824348198002802,0.0,9.60791711805394,2.5580000000000003
290750,Catu,Bahia,0.3656039777712782,1,55468.6,0.2796446301269528,0.0,10.940470277099575,11.96
290760,Central,Bahia,1.1583458820803894,1,17712.4,1.2025307996610708,0.0,3.001129802246092,51.155
290770,Chorrochó,Bahia,1.7254766629281342,1,11400.4,76.33103503528544,28.205631216648403,139.19235127053642,38.768
290800,Coaraci,Bahia,5.197708262419508,5,18525.2,3.09686722684972,0.0,1.7657101516496199,51.155
290840,Conceição do Coité,Bahia,2.090755036439822,7,67425.4,7.444477452990947,0.0,234.31338940892562,4.996
290870,Condeúba,Bahia,3.298334341157715,3,17851.0,13.88253131851253,0.0,109.0818900770569,51.155
290900,Cordeiros,Bahia,18.140750687275006,8,8761.4,2.850077400989005,0.0,35.344224598800295,51.155
290910,Coribe,Bahia,1.404494382022472,1,14659.4,7.291499805008227,0.0,40.29803600782202,50.815
290920,Coronel João Sá,Bahia,3.618000101656739,3,16511.8,38.509958592275495,0.0,241.19946555103442,20.33
291010,Dom Basílio,Bahia,8.109835914267746,5,12402.0,0.9772601099350867,0.0,82.11679191490973,54.94
291075,Fátima,Bahia,2.219664005393423,2,18175.2,1.6880347180175783,0.0,16.1239838464355,58.779999999999994
291080,Feira de Santana,Bahia,0.22689496217437868,7,618485.8,106.09997216919855,910.2052970748416,0.0,82.548
291085,Filadélfia,Bahia,2.328830926874709,2,16946.0,5.992878564453122,203.52590967555778,0.0,51.155
291090,Firmino Alves,Bahia,3.445899379738112,1,5726.6,0.29390529418945277,0.0,2.524317039794916,51.155
291100,Floresta Azul,Bahia,1.7787264318747777,1,11030.2,16.26535898306809,0.0,6.207961145033888,100.0
291140,Glória,Bahia,2.558374313813972,2,15630.2,3.9916682458496004,14276.312494202339,0.0,23.612000000000002
291150,Gongogi,Bahia,52.263914210508325,21,7659.0,5.336782891462734,0.0,2.97747180276309,51.155
291165,Guajeru,Bahia,2.4749412201460217,1,7876.8,8.575230629882796,0.0,19.234207331361013,51.155
291170,Guanambi,Bahia,4.412440462757579,19,85484.0,14.154492254997658,0.0,980.3690148572093,48.676
291210,Ibicaraí,Bahia,1.6823424794053081,2,23006.2,10.574094839192663,0.0,8.44094551757811,51.47875
291230,Ibicuí,Bahia,1.1978917105893627,1,16520.0,8.584479182641118,0.0,14.350300577114899,100.0
291270,Ibirapitanga,Bahia,19.779883573581,24,23885.8,15.255299158049919,13.669238079556314,10.028199325003785,51.155
291280,Ibirapuã,Bahia,16.017414474707458,7,8720.2,11.408209142061079,0.0,25.18878564613966,55.82000000000001
291290,Ibirataia,Bahia,3.3668943550667505,3,16762.6,16.788153280220733,0.0,42.57250017333982,51.155
291320,Ibotirama,Bahia,0.7178235589692054,1,27410.4,4137.856605704132,0.0,207.788527561087,77.51599999999999
291330,Ichu,Bahia,19.141952567675396,6,6313.2,0.0525489379882812,0.0,5.131734145507808,51.155
291350,Iguaí,Bahia,1.4887598630340926,2,27475.0,0.7620250781249992,0.0,5.073111713867182,10.844
291410,Ipupiara,Bahia,5.983848570392686,3,10011.8,0.017511014404296858,0.0,5.708510235595698,68.09
291460,Irecê,Bahia,1.3715037219837747,5,73426.2,0.1912349188495708,0.0,14.88444885864254,13.962
291480,Itabuna,Bahia,0.09074986614394745,1,217415.0,21.10498337859504,0.0,28.026921696346484,81.28
291500,Itaeté,Bahia,2.4559143773207155,2,16321.2,155.07409507310757,0.0,783.2510411034598,51.155
291540,Itaju do Colônia,Bahia,25.038045674669306,9,7061.4,11.337301902262315,0.0,17.57766145465678,72.756
291550,Itajuípe,Bahia,0.919371150133309,1,21234.2,9.815200283203112,0.0,1.1251873974609343,86.662
291560,Itamaraju,Bahia,2.6756299326011317,9,66183.4,59.48901109512864,1.996552759550204,137.2380679324156,78.358
291570,Itamari,Bahia,4.719207173194904,2,8317.8,0.7126148632812497,0.0,4.397462562255858,51.155
291600,Itanhém,Bahia,4.859675682652761,5,20114.0,4.126034327033544,0.0,26.58073540628348,100.0
291620,Itapé,Bahia,15.567484691062324,7,9569.8,6.013990165958174,0.0,8.953062214240562,51.155
291640,Itapetinga,Bahia,1.8188084643846882,7,76443.0,55.6716542021101,0.0,61.9095100551614,57.996
291660,Itapitanga,Bahia,5.5560700064820825,3,10607.8,0.8663210363769508,0.0,5.363109163430605,80.0
291740,Jacaraci,Bahia,1.3482540110556829,1,15195.8,0.6357595277506504,0.0,30.809212347972156,100.0
291770,Jaguarari,Bahia,0.5957700327673519,1,33788.8,15.444109798808933,0.0,0.0,42.132
291800,Jequié,Bahia,0.379763873721104,3,159476.6,174.40090507819122,3356.775236991848,0.0,91.356
291835,João Dourado,Bahia,3.9594234035356544,5,25274.0,0.0,0.0,1.8245137475585878,51.155
291840,Juazeiro,Bahia,0.2748209083747092,3,218448.0,3536.212544099326,0.0,819.2053023025816,27.474
291845,Jucuruçu,Bahia,1.9708316909735906,1,9700.4,5.712265277889472,86.05563761457849,0.0,51.155
291855,Jussari,Bahia,35.2498055634196,11,6142.4,0.1209552648925778,0.0,5.753347867431636,53.14833333333333
291875,Lagoa Real,Bahia,1.2767315671879989,1,15794.0,6.023089815673802,0.0,64.44873576382022,51.155
291890,Lajedão,Bahia,79.17746310740156,16,4005.0,13.717298590336782,0.0,26.294762729707543,78.63
291910,Lamarão,Bahia,4.316239038676886,2,8857.0,0.035023754882812404,0.0,0.9606635344381879,51.155
291955,Luís Eduardo Magalhães,Bahia,0.939839065632907,4,83344.2,208.35362534301757,0.0,52.88635730957026,30.863999999999997
291980,Macaúbas,Bahia,1.1878511384396948,3,50237.2,22.96304009547806,0.0,178.146958101806,36.18
291992,Madre de Deus,Bahia,7.709994079988452,8,20774.8,2743.43816433008,0.0,0.4711772863769526,77.624
291995,Maetinga,Bahia,8.03562303723661,2,4232.8,3.2192495166015602,0.0,33.90798821777338,51.155
292010,Mairi,Bahia,1.0154861640010153,1,19391.4,1.860422804462504,0.0,8.541746575626117,51.155
292080,Marcionílio Souza,Bahia,5.487304010179398,3,10732.6,134.6887980427764,0.0,56.02621163942816,51.155
292130,Milagres,Bahia,13.723303885410413,8,11364.8,1.378040048828121,0.0,37.09817022827144,51.155
292145,Mirante,Bahia,4.522840343735866,2,9340.0,115.49896796779699,0.0,57.48238833037489,51.155
292150,Monte Santo,Bahia,0.38496333224260393,1,51536.8,10.438526545486724,0.0,119.56764396316794,18.73
292200,Mucuri,Bahia,1.9284818280483491,4,41539.2,864.3571327471121,84.41570478093406,19.399610749765216,93.34400000000001
292205,Mulungu do Morro,Bahia,8.196721311475411,5,11670.0,3.330670558148546,0.0,3.553565456428076,51.155
292270,Nova Canaã,Bahia,58.435107812773914,50,16849.8,4.204318212890618,0.0,7.792896888930372,100.0
292273,Nova Fátima,Bahia,2.5634452704434763,1,7991.8,0.35045606445312344,0.0,14.997992462158152,51.155
292285,Nova Redenção,Bahia,2.105263157894737,1,9337.6,44.2538718642243,0.0,9.003960449065554,51.155
292290,Nova Soure,Bahia,8.487198191212808,11,25737.0,1.963617563471771,0.0,18.22163552124022,51.155
292300,Nova Viçosa,Bahia,1.388374676045909,3,43448.4,1119.2819943755821,0.0,152.1848236803908,7.298
292303,Novo Horizonte,Bahia,8.171269815329302,5,12351.8,9.710438948261311,0.0,59.76697524099541,51.47875
292380,Paripiranga,Bahia,8.130832752154621,12,29575.6,0.7523320845109523,0.0,17.08213357009702,51.155
292405,Pé de Serra,Bahia,1.4055801532082368,1,14021.0,0.9104987951660132,0.0,32.4503484637331,34.03
292450,Pindaí,Bahia,1.231982259455464,1,16607.4,1.3282166235160067,0.0,36.36192378323662,51.155
292470,Piripá,Bahia,11.12404840453427,6,11556.2,3.479136943167886,0.0,33.0746588474743,51.155
292480,Piritiba,Bahia,1.5990729372329082,2,24906.6,10.102360437260632,0.0,179.0701716442106,42.24
292500,Planalto,Bahia,5.2249988743584375,7,26529.4,17.6176529858398,0.0,45.0732243402123,51.155
292510,Poções,Bahia,0.41043321225553575,1,48024.2,54.444523898925794,0.0,35.520026728214,51.155
292540,Potiraguá,Bahia,13.802622498274673,6,8174.8,63.812072566075884,0.0,30.228314172564303,51.155
292575,Presidente Tancredo Neves,Bahia,34.04334838788583,47,27706.2,2.349563076171872,0.0,5.79509868164062,51.155
292580,Queimadas,Bahia,0.7860090391039496,1,26008.8,8.92386873314949,0.0,199.2650178848036,43.876
292593,Quixabeira,Bahia,2.224694104560623,1,9364.0,2.694345604109219,0.0,144.2775945032638,51.155
292595,Rafael Jambeiro,Bahia,2.582213108528898,3,23333.4,156.8405497660508,0.0,58.21353789193182,24.526
292610,Retirolândia,Bahia,1.3892747985551541,1,14273.4,0.22790345336914042,0.0,18.20747652057004,51.155
292660,Ribeira do Pombal,Bahia,0.3716988495920605,1,53583.8,0.0878465234374998,0.0,3.8466572029861723,100.0
292700,Rio Real,Bahia,0.4900879707907569,1,40973.6,73.2068999512006,0.0,6.231781440314792,51.155
292730,Salinas da Margarida,Bahia,7.71130320435469,6,15574.4,9082.488279098348,0.0,12.04675346480062,51.155
292740,Salvador,Bahia,0.1374347269516431,20,2908568.2,39191.75922747448,0.0,33.43243056738754,99.696
292780,Santa Cruz da Vitória,Bahia,14.884619708165909,5,6568.0,0.7090076196289049,0.0,4.254446502470122,51.155
292800,Santaluz,Bahia,0.5205351100931759,1,37612.4,5.523679932430491,0.0,384.22081033353345,51.155
292805,Santa Luzia,Bahia,6.186117379542332,4,13176.0,90.51956830366306,0.0,27.61303085265868,51.155
292870,Santo Antônio de Jesus,Bahia,0.1970210418472693,1,101895.2,22.61093892147284,0.0,14.91685069141578,20.345999999999997
292890,São Desidério,Bahia,6.080071191635869,10,33280.8,203.44069669829,46.82856108398442,100.08592562360178,51.155
292900,São Félix,Bahia,1.325293221125174,1,15026.0,192.837800078306,0.0,1.5883502429199159,89.376
292925,São Gabriel,Bahia,1.0639429726566656,1,19268.0,22.33241488897344,0.0,13.4029201659342,51.155
292935,São José da Vitória,Bahia,3.3085194375516958,1,5922.2,0.03454927490234372,0.0,0.777655760498046,51.155
292950,São Sebastião do Passé,Bahia,3.6172991985750627,8,45086.6,19.63791679776054,0.0,26.73039330021154,25.548
292960,Sapeaçu,Bahia,1.1322463768115942,1,17729.2,1.186751409912103,0.0,6.592650727969897,51.155
293000,Sebastião Laranjeiras,Bahia,1.7219113215669393,1,11524.8,15.997520817215243,0.0,128.22987298891746,50.94625
293070,Simões Filho,Bahia,1.341162248428376,9,134241.8,1278.50932485664,0.0,21.79579608426676,59.462
293076,Sítio do Quinto,Bahia,6.0084117764870815,3,10973.8,16.006839417332,0.0,84.08471163683312,15.529999999999998
293110,Tanquinho,Bahia,2.4295432458697763,1,8165.2,1.62744903320312,0.0,4.254551232680376,51.155
293130,Tapiramutá,Bahia,1.1201344161299356,1,17430.8,20.32496812377926,0.0,50.32342325627582,99.30199999999999
293135,Teixeira de Freitas,Bahia,0.12622676638581212,1,159647.8,70.05014144582942,0.0,77.89546927812879,47.676
293150,Teofilândia,Bahia,4.312363585025002,5,22941.0,1.013264802858838,0.0,24.6402087382142,18.506
293180,Tremedal,Bahia,1.1299435028248588,1,17348.6,18.264169189386095,0.0,286.8178339084134,51.155
293210,Ubaíra,Bahia,4.017274279401426,4,20436.8,2.354751036879592,0.0,12.34591902213056,73.462
293220,Ubaitaba,Bahia,1.9522670701351945,2,20055.8,67.79637050662537,16.272997218912742,0.0,51.155
293230,Ubatã,Bahia,37.5075778915482,51,27141.0,7.492730974111498,0.0356435813993566,9.85932483910651,51.155
293240,Uibaí,Bahia,1.4405070584845865,1,14236.4,0.10524114257812496,0.0,1.438243848876946,51.155
293300,Valente,Bahia,2.0874647740319383,3,28335.6,1.665972272949216,0.0,47.051009047865875,73.58
293305,Várzea da Roça,Bahia,4.082598011584619,3,14442.8,11.543201778808573,0.0,413.20222792752236,51.155
293315,Várzea Nova,Bahia,1.486546751895347,1,13178.6,0.2797056354741111,0.0,23.316604902051658,84.188
293325,Vereda,Bahia,30.11073004497004,10,6487.2,13.1891192564242,32.44467819960168,7.306317123994681,51.155
293330,Vitória da Conquista,Bahia,0.05901707068769642,1,343076.4,107.00239046595422,0.0,120.536722708371,90.634
293345,Wanderley,Bahia,4.621317703424509,3,12690.2,265.2328316084314,0.0,85.95026436903527,51.155
310040,Acaiaca,Minas Gerais,44.649675651989,9,4034.0,10.022927015524434,0.0,1.8128505529785102,96.0
310050,Açucena,Minas Gerais,85.32680910153883,43,9849.6,287.7275335813382,30.84747840516326,24.137909725839776,100.0
310060,Água Boa,Minas Gerais,16.133107775327097,11,14183.0,43.69771229125968,0.0,17.04475398193354,100.0
310190,Alpinópolis,Minas Gerais,1.0188487009679064,1,19763.0,1.254831672363276,160.253777024333,0.0,66.672
310210,Alto Rio Doce,Minas Gerais,1.7943656917279742,1,11505.4,0.050165090332031204,0.0,2.023078371582026,100.0
310230,Alvinópolis,Minas Gerais,91.62709570273749,71,15453.8,3.2786658422851516,0.0,6.188022227783198,100.0
310240,Alvorada de Minas,Minas Gerais,27.277686852154936,5,3644.0,1.9837549707031201,0.0,29.69389506676052,99.36800000000001
310250,Amparo do Serra,Minas Gerais,139.2530724044584,34,4861.2,0.0,0.0,1.84473326782226,85.49
310260,Andradas,Minas Gerais,3.9268563039367796,8,40605.8,160.7959466211514,0.0,141.351151671037,100.0
310285,Angelândia,Minas Gerais,4.694835680751174,2,8500.8,5.23640687988281,0.0,13.806703269033374,81.388
310300,Antônio Dias,Minas Gerais,2.14638334406525,1,9532.6,181.462144245083,41.09779956054686,0.0,51.751999999999995
310340,Araçuaí,Minas Gerais,3.7556965497216255,7,37072.2,1198.2857384860558,0.0,239.2880609397896,46.144
310350,Araguari,Minas Gerais,0.17201785545339604,1,116908.2,312.5225358605386,9874.546638241354,0.0,80.00399999999999
310370,Araponga,Minas Gerais,2.3408239700374533,1,8486.4,0.20111639160156206,0.0,2.882156147460934,92.678
310400,Araxá,Minas Gerais,1.1548739066061091,6,104224.0,69.44247846949192,0.0,194.44337990043434,77.464
310420,Arcos,Minas Gerais,1.0047474316143779,2,39696.4,44.23867067178399,0.0,0.0,100.0
310440,Argirita,Minas Gerais,6.995452955578874,1,2820.2,1.3154181201171835,0.0,5.1285972375488225,92.75800000000001
310445,Aricanduva,Minas Gerais,74.19015197885375,19,5177.6,6.101825129495056,0.0,5.164026481114997,81.4
310450,Arinos,Minas Gerais,5.52506869839163,5,18091.8,880.3127561979675,0.0,107.13314647915684,100.0
310510,Bambuí,Minas Gerais,3.3425664504242363,4,23878.0,162.9170281860682,0.0,189.7063549445744,100.0
310540,Barão de Cocais,Minas Gerais,2.537603014116759,4,31934.0,7.749958941152532,3.8721483725777377,9.125918683004937,100.0
310560,Barbacena,Minas Gerais,0.7334169906192842,5,136229.4,4.406593197533696,0.20032056518554625,21.103614483642524,57.924
310570,Barra Longa,Minas Gerais,94.73618009653629,26,5502.8,129.4385814042058,0.0,4.450742974853512,100.0
310600,Bela Vista de Minas,Minas Gerais,9.6102271826834,5,10339.8,33.51170494428322,0.0,0.0,82.946
310620,Belo Horizonte,Minas Gerais,5.219296555864739,655,2510689.6,200.4584267914794,0.0,33.45498952881813,77.10799999999999
310630,Belo Oriente,Minas Gerais,73.5923633885005,95,26153.6,534.1485940562577,0.0,12.5415602404785,77.67999999999999
310670,Betim,Minas Gerais,1.6921592740067564,36,427744.4,191.9084258949382,0.0,123.46260797542259,65.898
310690,Bicas,Minas Gerais,2.7735415044634726,2,14472.8,0.8318063256835935,0.0,16.67061225874596,96.414
310710,Boa Esperança,Minas Gerais,0.4964380569414451,1,40277.4,108.88297198651412,6962.928349497495,0.0,70.124
310740,Bom Despacho,Minas Gerais,5.992854682454594,15,49939.8,213.1306505616044,0.0,95.27388213487558,73.894
310780,Bom Jesus do Galho,Minas Gerais,82.35748294942736,64,15289.2,776.5639951218286,0.0,11.197199240789644,66.752
310870,Brás Pires,Minas Gerais,4.395604395604396,1,4487.6,3.19660113037109,0.0,2.22538686889648,85.00800000000001
310925,Bugre,Minas Gerais,145.5935538411977,30,4095.2,167.651363898776,0.0,10.204829594080282,97.1
310930,Buritis,Minas Gerais,1.642643012607285,2,24613.6,219.65727208038896,0.0,224.51654466411,27.288
311020,Cajuri,Minas Gerais,4.85319097306479,1,4066.4,0.0,0.0,2.426564552480656,73.068
311120,Campo Belo,Minas Gerais,0.3712917239074741,1,54140.2,76.56677123864054,318.4234474171688,0.0,82.372
311150,Campos Altos,Minas Gerais,1.293577388267253,1,15335.8,1.0461820520019516,0.0,31.84792982678934,100.0
311170,Canaã,Minas Gerais,4.38308130615823,1,4652.0,0.7158560826775036,0.0,3.793678110552616,100.0
311220,Capela Nova,Minas Gerais,16.649323621227886,4,4754.2,0.0,0.0,0.48515132690429663,73.776
311230,Capelinha,Minas Gerais,21.430484864720064,40,37688.6,5.416523289062494,0.0,43.760175768119,58.00600000000001
311250,Capim Branco,Minas Gerais,4.1008816895632565,2,9651.4,0.1222867704072836,0.0,37.61650960738354,12.66
311265,Capitão Andrade,Minas Gerais,18.45018450184502,5,5394.4,4.993241354980462,0.0,5.973908428955074,81.765
311280,Capitólio,Minas Gerais,4.639301067932453,2,8635.0,338.0697376085132,3874.5907342348755,0.0,48.91
311310,Caranaíba,Minas Gerais,623.8602332773804,103,3262.0,0.7532386377431828,0.0,0.0,30.0
311340,Caratinga,Minas Gerais,0.220307990570818,1,91506.0,1006.5660357631939,0.0,41.406420820997,63.355999999999995
311420,Carmo do Cajuru,Minas Gerais,1.8012943568633992,2,22109.4,43.45230081294992,537.5721369418238,0.0,60.955999999999996
311430,Carmo do Paranaíba,Minas Gerais,0.6488661064789281,1,30623.8,126.756128300048,0.0,135.42262292978762,79.96
311530,Cataguases,Minas Gerais,0.2680641745633905,1,74723.8,274.10879480526677,0.0,40.83435177734361,56.931999999999995
311535,Catas Altas,Minas Gerais,41.112800718523886,11,5305.2,30.844758101806597,0.0,2.9123648046875026,71.204
311540,Catas Altas da Noruega,Minas Gerais,76.81712168875386,14,3645.2,1.1735365418198496,0.0,6.433985494384762,69.23
311630,Cipotânea,Minas Gerais,2.9468100780904667,1,6822.2,1.4080934566817915,0.0,1.003705407714842,100.0
311680,Coluna,Minas Gerais,2.182929491377428,1,9053.2,0.271445162674249,0.0,3.7878838439558358,78.10900000000001
311730,Conceição das Alagoas,Minas Gerais,22.94762534295658,31,26916.4,237.8770772553798,7398.970744086133,0.0,99.322
311783,Cônego Marinho,Minas Gerais,10.53324555628703,4,7607.2,2.023149171142574,0.0,2.601514743499152,78.10900000000001
311800,Congonhas,Minas Gerais,13.045183007150438,35,53795.2,175.7636983856978,0.0,33.01246670802676,63.896
311860,Contagem,Minas Gerais,0.580740527628841,19,656814.2,193.9842425160836,0.0,49.07482933556886,71.88399999999999
311880,Coração de Jesus,Minas Gerais,0.7518231711901361,1,26846.8,7.753357309914977,0.0,36.05260000643378,34.366
311920,Coroaci,Minas Gerais,11.629142122093734,6,10225.6,6.119807400917201,10.115821530436174,0.0,78.10900000000001
311940,Coronel Fabriciano,Minas Gerais,2.9244390375482596,16,109761.2,58.87181096277568,0.0,3.12284591552734,73.8
311950,Coronel Murta,Minas Gerais,4.292489532004645,2,9333.2,404.70430197091383,0.0,3.016517050963156,42.416
311960,Coronel Pacheco,Minas Gerais,12.909932544196261,2,3103.6,0.283101086425781,0.0,5.061721127929684,47.0625
311995,Córrego Fundo,Minas Gerais,3.179650238473768,1,6276.2,3.3055165637207,0.0,11.739996529962193,38.37
312000,Córrego Novo,Minas Gerais,21.652832912306028,3,2917.4,305.9226992210582,0.0,6.501699492130048,100.0
312015,Crisólita,Minas Gerais,3.039975680194558,1,6617.0,1.1338572293581486,0.4395236685671334,17.930852474561444,34.592
312040,Cristiano Otoni,Minas Gerais,49.76076555023924,13,5187.8,0.6695317761230453,0.0,9.714131774107662,78.10900000000001
312125,Delta,Minas Gerais,4.165853593888684,2,9986.8,21.338746842390417,210.4210149577356,0.0,87.27000000000001
312170,Diogo de Vasconcelos,Minas Gerais,5.260389268805891,1,3874.0,1.931345924225448,18.703142187021278,0.0,100.0
312180,Dionísio,Minas Gerais,49.62779156327544,21,8140.8,1130.394602265608,0.0,26.04482616577144,100.0
312190,Divinésia,Minas Gerais,40.93265121852977,7,3433.2,0.8862678503417948,0.0,8.762221763916013,53.338
312220,Divinolândia de Minas,Minas Gerais,5.283317923656056,2,7529.2,0.23734793334960927,0.0,1.8474805688476539,61.15
312230,Divinópolis,Minas Gerais,0.08475402263779945,1,234587.4,221.3566695090182,141.1598501248322,0.0,69.32000000000001
312250,Dom Cavati,Minas Gerais,7.584376185058778,2,5190.0,1.2585415107517584,0.0,0.3063225704896212,100.0
312270,Dom Silvério,Minas Gerais,1531.3187348150518,408,5305.6,0.050425151367187504,0.0,1.47992817382812,100.0
312340,Doresópolis,Minas Gerais,52.45969222827548,4,1525.2,67.7647217153223,0.0,28.34715327489273,19.68
312352,Durandé,Minas Gerais,2.5506950644050503,1,7841.2,0.47047602245615006,0.5550944531249996,1.2647786353209183,100.0
312400,Ervália,Minas Gerais,2.1243826013064955,2,18910.2,10.158597408447239,0.0,10.204667333357225,93.178
312430,Espinosa,Minas Gerais,0.6325710851756966,1,31957.8,38.97353081054682,0.0,396.8441233400482,0.23000000000000004
312490,Eugenópolis,Minas Gerais,1.7738359201773837,1,11235.2,2.958458347167964,0.0,22.945601396484278,100.0
312510,Extrema,Minas Gerais,11.367165410882574,20,34570.8,14.248445358690422,0.0,18.321661476605538,63.1
312570,Felixlândia,Minas Gerais,1.3095004255876384,1,15220.0,87.71170278365307,7867.800417633368,0.0,32.298
312590,Ferros,Minas Gerais,1.9171779141104295,1,10266.2,525.6313982260679,0.0,3.4183820125516937,37.467999999999996
312600,Florestal,Minas Gerais,16.34317465556406,6,7335.4,139.764252637958,0.0,38.70279781233244,71.886
312610,Formiga,Minas Gerais,3.232669977254427,11,67984.4,108.8205740053038,10916.845514343066,0.0,81.85799999999999
312620,Formoso,Minas Gerais,2.1777003484320554,1,9307.6,197.5270925361038,0.0,116.96507821774416,78.10900000000001
312650,Francisco Badaró,Minas Gerais,3.829409546397431,2,10467.0,120.9732511736164,0.0,18.46739090107032,78.10900000000001
312690,Frei Inocêncio,Minas Gerais,2.0809489127041934,1,9558.6,104.45633624169872,4.717546344300508,0.9863266769397221,55.94
312750,Gonzaga,Minas Gerais,3.2546786004882016,1,6184.0,9.045820928586464,0.0,18.5511729068196,89.042
312770,Governador Valadares,Minas Gerais,0.07145792021723207,1,279499.8,2196.280066307618,108.54831487080142,42.12589698651439,85.0
312820,Guaraciaba,Minas Gerais,17.154005829876002,9,10453.6,334.9738907387778,12.2417963500976,0.0,67.162
312830,Guaranésia,Minas Gerais,6.198347107438017,6,19224.8,13.853308645019542,0.0,54.986086911213974,74.00399999999999
312850,Guarará,Minas Gerais,5.0620096178182745,1,3893.2,1.9631804870605418,0.0,4.993687180094394,78.10900000000001
312960,Ibiaí,Minas Gerais,4.79936307162922,2,8363.0,803.1928388725839,0.0,32.80942320307708,29.589999999999996
313020,Igaratinga,Minas Gerais,11.265618112140627,6,10564.4,6.836210612792959,0.0,56.232913346253596,78.10900000000001
313030,Iguatama,Minas Gerais,22.5141700186614,9,8092.8,343.1040999908084,0.0,146.42934290067728,45.482
313055,Imbé de Minas,Minas Gerais,26.348037671371706,9,6870.4,1.5509788256835908,0.0,6.237584956054686,100.0
313090,Inhapim,Minas Gerais,934.6681610092373,1160,24556.8,90.21001232273004,0.0,14.01189595812266,50.036
313115,Ipaba,Minas Gerais,1.0884353741496597,1,18342.6,221.05932920722262,0.0,6.362967879255702,91.716
313130,Ipatinga,Minas Gerais,10.99252094680594,143,260525.2,178.0704476882676,0.0,13.40328343139642,85.092
313220,Itaguara,Minas Gerais,1.5062509414068384,1,13278.0,32.29684011065788,0.0,17.33570904634838,77.596
313240,Itajubá,Minas Gerais,0.20618556701030927,1,96560.2,0.645776068115234,0.0,6.535995946044918,73.372
313320,Itanhomi,Minas Gerais,21.24291234734067,13,12308.4,95.35526988387022,0.0,23.798633016357382,100.0
313370,Itatiaiuçu,Minas Gerais,21.840611943024516,12,10965.0,3.8149441247558555,0.0,29.620567475212557,85.384
313380,Itaúna,Minas Gerais,4.530769293033055,21,92403.0,30.434071866455042,290.529822487794,0.0,84.99600000000001
313390,Itaverava,Minas Gerais,45.53010847662095,13,5612.0,0.5697060412597651,0.0,4.9032638420458,78.10900000000001
313420,Ituiutaba,Minas Gerais,0.38214978360768503,2,104108.4,808.6969857379115,812.8884371840825,0.0,83.274
313440,Iturama,Minas Gerais,0.5093854264829483,1,38474.2,45.74015446052577,11580.9619348185,0.0,74.49
313460,Jaboticatubas,Minas Gerais,15.513481935382075,15,19580.6,116.19249826495862,0.0,46.24959420373292,56.614
313500,Jaguaraçu,Minas Gerais,31.843326310891676,5,3139.6,57.34663363473199,0.0,2.665037475585934,93.776
313530,Japaraíba,Minas Gerais,4.7158688988446125,1,4297.6,19.79305462846578,0.0,20.70220532789516,55.748000000000005
313540,Jeceaba,Minas Gerais,4.021717273275689,1,5127.6,19.51657965172136,0.0,25.705042785515282,73.506
313550,Jequeri,Minas Gerais,23.880494577460578,15,12710.4,21.24142168921372,0.0,4.127853012695308,91.994
313610,Joanésia,Minas Gerais,518.8963610270287,129,4890.6,104.78617246250715,181.21212815084158,0.0,100.0
313620,João Monlevade,Minas Gerais,0.2528445006321113,1,79314.0,26.61715447457102,0.0,2.204880680740653,94.01599999999999
313652,José Gonçalves de Minas,Minas Gerais,12.92267930217532,3,4585.6,1.763515843505856,1506.146858269858,0.0,91.326
313660,Nova União,Minas Gerais,3.445899379738112,1,5763.6,1.8203957006835907,0.0,11.98663838623044,100.0
313665,Juatuba,Minas Gerais,6.17245519092724,8,25976.2,195.8273459207164,0.0,32.73040268987912,27.522000000000002
313670,Juiz de Fora,Minas Gerais,0.3192696162491772,9,562374.4,364.2621677780562,28.94199662963871,129.23641136118388,77.89
313695,Juvenília,Minas Gerais,3.412386964681795,1,5807.8,238.7169358676942,0.0,66.58785512870516,3.2640000000000002
313700,Ladainha,Minas Gerais,18.773121307492683,17,18066.2,20.780850899658198,24.61648558227532,0.0,80.00800000000001
313720,Lagoa da Prata,Minas Gerais,0.3833988306335666,1,51176.2,313.64472875658737,0.0,109.59192370911781,90.026
313750,Lagoa Formosa,Minas Gerais,1.1116669445834026,1,18072.4,11.2678141093606,0.0,73.07424759728762,80.166
313868,Luislândia,Minas Gerais,11.891703568067872,4,6715.6,0.5883858434053292,0.0,5.037675189644602,78.10900000000001
313920,Malacacheta,Minas Gerais,95.28042103600163,90,18974.2,74.5787733140317,0.0,9.849876430664034,61.775999999999996
313940,Manhuaçu,Minas Gerais,0.6673910223827493,3,88528.8,4.95302421413526,6.266873111572258,13.077729207232263,86.822
313950,Manhumirim,Minas Gerais,5.2924278520134225,6,22671.8,0.2014304589843748,0.0,1.813659418945306,89.55199999999999
313970,Maravilhas,Minas Gerais,2.5826446280991737,1,7862.4,81.92777004595102,0.0,16.408589875847262,100.0
314030,Marliéria,Minas Gerais,4.945598417408506,1,4093.4,1928.5466062109058,0.0,9.491281160888665,60.786
314050,Martinho Campos,Minas Gerais,2.9877502240812666,2,13368.8,638.9145239503143,0.0,98.51732272907076,39.682
314060,Materlândia,Minas Gerais,17.22282023681378,4,4567.2,0.0,0.0,2.4830869874195742,100.0
314070,Mateus Leme,Minas Gerais,4.579924016667807,7,30628.0,249.2644755802982,0.0,50.71238232237572,43.738
314080,Matias Barbosa,Minas Gerais,1.4000700035001752,1,14391.2,53.154745938021904,0.0,23.15257036968626,100.0
314130,Medeiros,Minas Gerais,5.395198273536552,1,3756.4,3.935531736653644,0.0,22.36904960176828,100.0
314200,Mirabela,Minas Gerais,107.43398524228739,73,13640.0,0.377881905517578,0.0,18.179611442713078,34.989999999999995
314210,Miradouro,Minas Gerais,11.148390683396642,6,10774.0,4.165736506998694,0.0,10.06923756027399,99.55
314220,Miraí,Minas Gerais,4.022921335372742,3,14895.6,11.70778122558588,0.0,29.7748650866698,78.10900000000001
314225,Miravânia,Minas Gerais,4.091653027823241,1,4865.0,0.0,0.0,1.730502806396482,78.10900000000001
314230,Moeda,Minas Gerais,4.063388866314506,1,4928.4,33.524356547138225,0.0,0.6381623596191399,78.10900000000001
314370,Morro do Pilar,Minas Gerais,5.955926146515784,1,3293.6,2.451757373046872,0.0,5.6983737622070265,78.10375
314430,Nanuque,Minas Gerais,2.403237573707007,5,41402.6,228.02787261710142,337.1588255117006,0.0,61.013999999999996
314435,Naque,Minas Gerais,40.24419994252936,14,6913.4,147.44879287343002,0.0,7.559341888427713,51.42
314490,Nova Módica,Minas Gerais,27.438926300406376,5,3710.0,0.016983031005859357,0.0,7.9645674084472615,60.394000000000005
314520,Nova Serrana,Minas Gerais,19.480401317303485,95,95867.0,52.5682436915738,0.0,38.31074800687898,79.002
314530,Novo Cruzeiro,Minas Gerais,3.8300724522038876,6,31637.6,15.10967724180448,0.0,38.87589116546506,56.61
314535,Novo Oriente de Minas,Minas Gerais,5.578800557880056,3,10800.2,1.1117601306152334,0.0,11.916200467529267,85.02799999999999
314537,Novorizonte,Minas Gerais,3.774297037176826,1,5283.4,1.1167793696671995,0.0,49.16422142771522,14.836000000000002
314560,Oliveira,Minas Gerais,0.47976587425336437,1,41684.8,163.8045007425604,0.0,67.19257701333677,83.99600000000001
314587,Orizânia,Minas Gerais,29.932651534048386,12,7928.6,0.22106452434704332,0.0,1.2079595043945281,78.10900000000001
314610,Ouro Preto,Minas Gerais,0.535769297740393,2,74265.2,485.9130201386812,0.0,47.849852463862106,82.825
314620,Ouro Verde de Minas,Minas Gerais,10.111223458038422,3,6048.8,0.6977325744628893,0.0,3.0809445788574203,72.68
314650,Pains,Minas Gerais,2.414584087890861,1,8333.2,2.271443298526532,0.0,0.0,82.224
314710,Pará de Minas,Minas Gerais,0.42765661188877313,2,92587.2,78.68197731599952,2.47649610014072,57.190989196178954,83.204
314720,Paraguaçu,Minas Gerais,0.9296704318319156,1,21476.8,337.028892311101,1187.649152685998,0.0,76.434
314750,Passabém,Minas Gerais,11.481056257175661,1,1708.0,0.0,0.0,0.0,30.32
314790,Passos,Minas Gerais,0.1754416744153406,1,114012.8,40.014780364224244,2982.746731031476,0.0,79.896
314795,Patis,Minas Gerais,13.42518058321021,4,5950.0,1.0320498388671837,0.0,9.15081296306294,78.10900000000001
314800,Patos de Minas,Minas Gerais,0.13444293569594384,1,150566.4,365.37360630777437,0.0,286.03867935887223,78.036
314810,Patrocínio,Minas Gerais,0.449492839306138,2,89752.4,16.12398452514646,4631.443187548168,0.0,80.002
314830,Paula Cândido,Minas Gerais,2.0927069163963585,1,9631.2,17.4283337817382,0.0,4.8534843884277326,25.6
314880,Pedra do Anta,Minas Gerais,48.7985461257613,8,3213.0,6.260063351165171,0.0,3.233555209515734,78.10900000000001
314915,Pedras de Maria da Cruz,Minas Gerais,14.05121572077994,8,11489.2,2529.146251736028,0.0,198.4089458763924,5.378
314970,Perdigão,Minas Gerais,19.504219109461836,11,10930.8,4.363200941899317,0.0,25.99523727145086,86.258
315000,Pescador,Minas Gerais,9.317493594223155,2,4280.8,0.22095974243164035,0.0,3.2971704296874984,100.0
315015,Piedade de Caratinga,Minas Gerais,32.46753246753247,13,8275.4,2.5951388317871062,0.0,2.3258941711425742,78.10900000000001
315020,Piedade de Ponte Nova,Minas Gerais,4.752851711026616,1,4180.8,2.420537183833102,0.0,9.257317618408202,78.10900000000001
315050,Pimenta,Minas Gerais,9.225657573465345,4,8670.8,0.4698358020019522,2067.092417559784,0.0,95.84
315053,Pingo d'Água,Minas Gerais,65.02287369382005,16,4865.8,77.80780166643191,0.0,0.504042843836167,100.0
315057,Pintópolis,Minas Gerais,2.664180098574664,1,7537.0,756.490444683826,0.0,16.33557804017306,5.15
315080,Piranga,Minas Gerais,11.256993188442078,10,17783.6,10.942033568167849,0.0,9.588017530517579,81.67
315120,Pirapora,Minas Gerais,0.35443396895158436,1,56409.0,824.8017020566331,0.0,46.58754733692836,31.580000000000002
315130,Piraúba,Minas Gerais,11.07050105434495,6,10974.8,14.384258915422041,60.38954621351301,0.0,68.30199999999999
315140,Pitangui,Minas Gerais,1.4607309827974642,2,27643.6,51.733285231665505,0.0,29.79793675644816,100.0
315150,Piumhi,Minas Gerais,8.152250437977578,14,34410.6,57.26193942358882,0.0,141.7002303910936,69.15
315180,Poços de Caldas,Minas Gerais,0.3602792908352087,3,165636.4,288.2954313380102,389.2685236676044,51.927822395941405,84.97999999999999
315210,Ponte Nova,Minas Gerais,30.69249125880617,92,59980.2,373.8820086183646,0.0,21.43935965923228,90.77000000000001
315220,Porteirinha,Minas Gerais,0.5162489352365711,1,38409.4,7.440257707706195,0.0,957.6090841777146,22.238
315240,Poté,Minas Gerais,6.009254251547383,5,16552.4,28.296435037841718,0.0,14.248855980224562,62.07000000000001
315250,Pouso Alegre,Minas Gerais,0.2749653226713601,2,147223.4,213.0289112454136,0.0,121.92246479287739,77.874
315330,Presidente Kubitschek,Minas Gerais,6.657789613848204,1,3036.4,0.5053578849618944,0.0,0.3223884924316402,75.75399999999999
315400,Raul Soares,Minas Gerais,141.94145164317644,172,24143.8,88.05564858155249,112.86594743714461,0.0,83.046
315430,Resplendor,Minas Gerais,11.307743618991132,10,17576.0,271.606881495619,600.1371814851907,0.0,63.477999999999994
315450,Riacho dos Machados,Minas Gerais,4.140144413327953,2,9592.6,0.7891898088618226,0.0,0.0,53.352
315460,Ribeirão das Neves,Minas Gerais,0.6700589891062871,11,328655.8,5.796162049560542,0.0,26.256407069086958,63.194
315490,Rio Casca,Minas Gerais,18.52237346838032,13,13957.4,460.5526016477912,0.0,8.043320536783835,64.564
315500,Rio Doce,Minas Gerais,176.23033963283282,23,2608.6,118.96502222080798,105.65876754565443,0.0,88.80199999999999
315530,Rio Manso,Minas Gerais,3.4638032559750607,1,5760.6,394.011016356644,0.0,11.557393060302715,78.10900000000001
315550,Rio Paranaíba,Minas Gerais,1.6242995208316415,1,12379.0,20.49508496093744,10.758518479937328,77.79066975401142,78.10900000000001
315600,Rio Vermelho,Minas Gerais,1.470912701331176,1,13275.2,1.989451312255854,0.0,6.35912354125976,100.0
315670,Sabará,Minas Gerais,0.29337557941676934,2,135462.2,38.88450791175033,0.0,1.975590206059458,60.938
315680,Sabinópolis,Minas Gerais,1.288244766505636,1,15775.8,14.21911197631834,0.0,17.94766159423824,80.644
315720,Santa Bárbara,Minas Gerais,14.484410135609,22,30685.2,71.41682962647442,258.4208269484574,0.0,80.096
315725,Santa Bárbara do Leste,Minas Gerais,37.00505735783891,15,8138.2,0.2861840856933592,0.0,0.1178567053222654,78.10900000000001
315733,Santa Cruz de Minas,Minas Gerais,2.34000234000234,1,8522.0,1.9445645808584122,0.0,1.570461866455074,70.0
315740,Santa Cruz do Escalvado,Minas Gerais,160.482479916239,39,4899.0,143.64499704228382,73.5464827368691,0.0,100.0
315750,Santa Efigênia de Minas,Minas Gerais,31.45863815225315,7,4532.0,6.710861871337886,0.0,1.8640524267578058,78.10900000000001
315765,Santa Helena de Minas,Minas Gerais,15.643823249618183,5,6374.0,0.2397167358398436,0.0,0.01711552001953124,80.926
315770,Santa Juliana,Minas Gerais,1.4947683109118088,1,13446.0,79.10901567245406,1052.5098344510443,0.0,95.22
315780,Santa Luzia,Minas Gerais,0.456754722866404,5,218008.4,89.41714398916183,0.0,43.18850357229433,64.764
315800,Santa Maria de Itabira,Minas Gerais,1.843827786484742,1,10928.0,9.330118726414065,0.7251451907456332,10.167145677174231,79.512
315850,Santana de Pirapama,Minas Gerais,2.49003984063745,1,7866.4,163.2524677586408,0.0,48.25595306359618,100.0
315895,Santana do Paraíso,Minas Gerais,17.880501339637725,29,33052.2,315.8760666770638,0.0,26.096107094726523,77.16400000000002
315935,Santa Rita de Minas,Minas Gerais,95.79905273090807,34,7131.0,0.5557653527832025,0.0,2.660850007324212,78.10900000000001
316010,Santo Antônio do Grama,Minas Gerais,557.372800582634,113,4021.8,5.4932081422143035,0.0,3.2257899854520877,78.10900000000001
316020,Santo Antônio do Itambé,Minas Gerais,4.886391399951136,1,3982.8,0.39053072387695276,0.0,2.326200017089838,15.789999999999997
316040,Santo Antônio do Monte,Minas Gerais,4.992938311059987,7,28020.4,8.969643835147606,0.0,66.11699982625322,75.892
316095,São Domingos das Dores,Minas Gerais,52.982352692377546,15,5662.4,0.0,0.0,0.6750742358398434,78.10900000000001
316150,São Geraldo,Minas Gerais,1.6799664006719865,1,11946.0,2.676461077880858,0.0,6.8252623657226525,75.92
316180,São Gonçalo do Pará,Minas Gerais,1.6114736926919668,1,12018.2,75.9451212565775,0.0,44.271015838982045,100.0
316190,São Gonçalo do Rio Abaixo,Minas Gerais,78.8850562265109,42,10756.4,71.98911136818795,144.9624101038552,0.0,96.0
316240,São João da Ponte,Minas Gerais,0.772021925422682,1,25608.4,14.100718502340877,0.0,77.7486530566501,17.592
316257,São João do Manteninha,Minas Gerais,6.86301713352198,2,5754.4,0.0,0.0,4.18616189374138,93.66
316260,São João do Oriente,Minas Gerais,45.72934879216971,18,7722.2,0.32099716552734364,0.0,3.6149834387207003,100.0
316270,São João do Paraíso,Minas Gerais,0.8501232678738416,1,23605.4,169.6737439187056,15.05563506888114,73.08054267700166,38.894
316290,São João Nepomuceno,Minas Gerais,0.7564582624153713,1,26389.2,32.91147443526434,0.0,29.120145981205916,75.938
316310,São José da Varginha,Minas Gerais,12.639253379845501,3,4847.4,144.11912470675298,0.0,25.658634433593722,26.034000000000002
316330,São José do Divino,Minas Gerais,770.693382899246,152,3912.0,2.396158636474606,0.0,3.3979633142089822,90.49199999999999
316340,São José do Goiabal,Minas Gerais,174.60709884639255,49,5566.6,189.9844850249836,0.0,2.036971728515622,100.0
316360,São José do Mantimento,Minas Gerais,136.15191687567182,19,2775.8,3.1110634820484777,20.45770354006294,0.0,92.11
316380,São Miguel do Anta,Minas Gerais,2.8847540747151306,1,6993.4,0.2335849306257655,0.0,5.08732772500191,74.164
316400,São Pedro dos Ferros,Minas Gerais,117.464778514083,47,8067.0,453.63488135130063,0.0,10.334074474465746,78.10900000000001
316447,São Sebastião do Anta,Minas Gerais,3.051106025934401,1,6418.8,0.0,0.0,2.227961810302728,78.10900000000001
316460,São Sebastião do Oeste,Minas Gerais,18.548294664917236,6,6598.0,5.464229687849452,0.0,48.00340297246946,95.654
316500,São Tiago,Minas Gerais,1.8279864729001005,1,10999.8,73.75420140773872,0.0,8.182289965762841,51.222
316553,Sarzedo,Minas Gerais,0.6443921770789702,1,31245.0,21.50201074115342,0.0,0.0,68.938
316556,Sem-Peixe,Minas Gerais,135.85309977365446,19,2735.6,205.97034939261022,0.0,9.08170937988279,80.495
316600,Senhora de Oliveira,Minas Gerais,81.64155266647168,24,5845.8,0.8506526666714522,0.0,0.8372668676757808,94.08
316620,Senhora dos Remédios,Minas Gerais,47.197125428790706,25,10544.2,0.0,0.0,1.320791824951168,51.605000000000004
316630,Sericita,Minas Gerais,5.43312684253566,2,7381.0,0.7885368188476558,0.0,0.805321905517576,90.194
316670,Serra dos Aimorés,Minas Gerais,6.904756752127691,3,8749.8,1.0119726684283066,288.0013717999302,0.0,35.942
316710,Serro,Minas Gerais,2.8002053483922156,3,21250.4,22.10146998462392,0.0,16.76994030250936,52.25
316780,Soledade de Minas,Minas Gerais,3.26211058554885,1,6108.6,17.762910595257857,0.0,4.016972198098572,42.4775
316820,Tapiraí,Minas Gerais,20.82248828735034,2,1903.6,0.5895942077636714,0.0,12.107999929629996,78.10900000000001
316850,Teixeiras,Minas Gerais,6.76204359852674,4,11751.0,1.441895858154294,0.0,3.519611295166012,78.10900000000001
316860,Teófilo Otoni,Minas Gerais,0.42532602422876165,3,141061.8,133.5578680460462,272.8609278095654,0.0,66.922
316870,Timóteo,Minas Gerais,0.671842119281309,3,88732.0,209.8309814028744,0.0,3.6774414679888503,76.804
316880,Tiradentes,Minas Gerais,2.617801047120419,1,7808.0,2.197334948290054,0.0,5.859117360432938,59.346000000000004
316900,Tocantins,Minas Gerais,15.516573488071085,13,16673.4,2.622072474365228,0.0,11.155721826171836,77.19200000000001
316940,Três Pontas,Minas Gerais,0.3524477496211187,1,56783.4,9.613246425891301,585.8673929455836,0.0,88.4
316970,Turmalina,Minas Gerais,2.0561324149275215,2,19717.8,85.89826695956825,720.586304388948,0.0,56.818
316990,Ubá,Minas Gerais,2.329156732400569,13,113263.0,8.521654561767566,0.0,37.6205280334472,77.27000000000001
317000,Ubaí,Minas Gerais,250.71377705540445,157,12478.6,299.77202782087204,0.0,6.776978018176505,78.10900000000001
317010,Uberaba,Minas Gerais,0.24835002452456495,4,327964.2,198.0692701341188,3636.7452491512718,0.0,80.914
317020,Uberlândia,Minas Gerais,0.24024134336071024,8,676639.8,303.8457790912172,4828.654256242478,0.0,81.4
317040,Unaí,Minas Gerais,0.24129236189028438,1,83700.2,999.061774242128,582.5351860763104,1923.0723477815015,78.086
317050,Urucânia,Minas Gerais,11.455468304489738,6,10498.0,9.965144202813802,0.0,3.022177025515084,100.0
317080,Várzea da Palma,Minas Gerais,0.510555739922906,1,39033.2,1137.421604798228,0.0,80.89196727171414,19.494
317090,Varzelândia,Minas Gerais,1.015125367982946,1,19558.4,6.252258826904278,0.0,11.744303528143176,11.474
317100,Vazante,Minas Gerais,0.9713453132588634,1,20656.6,19.111954008128418,0.0,90.34549448885029,71.09400000000001
317107,Veredinha,Minas Gerais,10.504201680672269,3,5757.8,7.904727903176682,0.0,40.91529458259604,84.378
317120,Vespasiano,Minas Gerais,0.1659613310098747,1,122881.8,16.75285085176354,0.0,19.867850437744142,66.53
317130,Viçosa,Minas Gerais,1.5331792095528334,6,78138.8,7.636563339843744,0.0,12.02623747558586,79.994
317190,Virgolândia,Minas Gerais,43.03443029782153,12,5543.0,97.52619753259975,0.0,1.729760300345624,78.10900000000001
317200,Visconde do Rio Branco,Minas Gerais,0.9581136145005988,2,41878.8,3.0091673022460883,0.0,39.44169643676754,77.654
320020,Alegre,Espírito Santo,2.6592208482914503,4,31435.6,189.38870125345062,0.0,74.68621925834839,83.29666666666667
320040,Anchieta,Espírito Santo,2.8087121439459493,4,28452.0,348.66156520030717,0.0,48.875438617962985,31.915999999999997
320060,Aracruz,Espírito Santo,1.8532932583521462,9,98144.0,1816.6886643426901,0.0,243.29394170310061,77.132
320100,Boa Esperança,Espírito Santo,5.204513179129398,4,15237.4,229.63766975263238,0.0,149.3442341121702,100.0
320120,Cachoeiro de Itapemirim,Espírito Santo,0.6692309536989822,7,209394.4,364.9161418663066,0.0,65.53041325843468,73.81
320130,Cariacica,Espírito Santo,2.3545119026443975,45,382735.8,562.0699213472441,0.0,38.80016292265522,30.034
320140,Castelo,Espírito Santo,1.0580874433316456,2,37810.8,7.237905658969029,0.0,23.57559253030214,67.408
320160,Conceição da Barra,Espírito Santo,18.570323782689705,29,31193.2,871.6740963996857,0.0,66.08681950435142,6.112
320180,Divino de São Lourenço,Espírito Santo,34.451311436491835,8,4506.6,0.0,0.0,1.391504667968744,56.666
320190,Domingos Martins,Espírito Santo,55.942188827546694,96,34264.6,45.27947972617468,0.0,59.82721999299646,58.75
320200,Dores do Rio Preto,Espírito Santo,199.66891563275527,68,6847.0,0.5562224745327814,0.0,1.1559356161534897,100.0
320220,Fundão,Espírito Santo,10.778669042263841,11,20737.6,64.46894669707406,0.0,43.06535580563528,19.46
320225,Governador Lindenberg,Espírito Santo,1.5955325089748702,1,12514.4,18.86633876320268,0.0,158.27950827049318,98.82000000000001
320230,Guaçuí,Espírito Santo,3.910184525758588,6,30861.2,18.68725296141138,91.49799451582639,0.0,70.626
320240,Guarapari,Espírito Santo,2.935070296975605,18,122463.0,557.951550999637,0.0,47.15154984386968,58.06
320250,Ibiraçu,Espírito Santo,11.225110954705968,7,12450.8,3.776180904210702,0.0,18.57892926879878,78.69800000000001
320255,Ibitirama,Espírito Santo,4.499943750703116,2,9189.2,4.12853559543983,0.0,4.00042039381797,98.01599999999999
320280,Itapemirim,Espírito Santo,0.5822755327821125,1,34373.0,428.4327950192902,0.0,33.86423615389948,19.784
320300,Iúna,Espírito Santo,0.6858475360927266,1,29483.0,0.9234338586425765,0.0,5.374411697998042,84.68
320313,João Neiva,Espírito Santo,4.747516167542897,4,16913.6,4.694490968156402,0.0,20.786589757443842,94.454
320316,Laranja da Terra,Espírito Santo,16.34519948693632,9,11250.0,79.20340772268491,0.0,21.57990755260506,56.76800000000001
320320,Linhares,Espírito Santo,8.632596008249932,72,168624.0,18894.76004012414,0.0,234.797109690329,81.306
320334,Marechal Floriano,Espírito Santo,6.043731605923602,5,16433.8,6.3435774450683535,0.0,13.946671362304619,0.744
320360,Mucurici,Espírito Santo,3.4054146092286737,1,5739.0,11.504116291178317,0.0,63.17089670695934,78.9
320370,Muniz Freire,Espírito Santo,1.145147437732608,1,18311.6,25.634532463393203,0.0,13.3026344917231,45.001999999999995
320390,Nova Venécia,Espírito Santo,2.377893738938311,6,50364.4,340.1732985545434,0.0,448.4733116708934,3.96
320410,Pinheiros,Espírito Santo,3.7051353541475294,5,26878.4,165.19631134819198,0.0,227.59587409822979,100.0
320425,Ponto Belo,Espírito Santo,2.555583950932788,1,7824.6,63.670196356828185,0.0,40.081984294165444,51.372
320435,Rio Bananal,Espírito Santo,1.0521332000631278,1,19221.8,751.6870458623176,0.0,176.6617142284726,81.086
320450,Santa Leopoldina,Espírito Santo,8.15030008938833,5,12637.0,20.284573099561477,9.90834888604376,28.144661553605594,68.444
320455,Santa Maria de Jetibá,Espírito Santo,8.006891508319622,16,39690.8,11.913905585023125,179.5877405167586,0.0,54.836
320460,Santa Teresa,Espírito Santo,13.466595882458972,16,23724.8,4.542040961981076,0.0,46.799069438476536,53.30800000000001
320470,São Gabriel da Palha,Espírito Santo,3.24234936608691,6,37173.8,18.978419046602077,0.0,183.2168061001782,52.431999999999995
320480,São José do Calçado,Espírito Santo,1.8122508155128672,1,10838.8,35.3697408426633,20.760638214307523,0.0,81.6
320490,São Mateus,Espírito Santo,0.4744312210624724,3,127722.8,1018.762941537079,0.0,248.3836367433932,79.128
320500,Serra,Espírito Santo,1.6058420391737935,40,501442.2,655.022947263061,0.0,107.04908124683054,32.724000000000004
320501,Sooretama,Espírito Santo,0.6791402084960441,1,29006.4,296.1144299142678,0.0,51.746868841169736,79.44666666666667
320503,Vargem Alta,Espírito Santo,3.7306127282651618,4,21346.0,4.375241362304687,0.0,24.7626690026855,73.74199999999999
320510,Viana,Espírito Santo,4.701981827865005,18,76424.0,9.370068412971028,0.0,16.87961741069236,32.774
320515,Vila Pavão,Espírito Santo,4.286412739823954,2,9324.0,88.46542921866853,0.0,119.09433994229641,100.0
320517,Vila Valério,Espírito Santo,4.259246113437921,3,14439.6,52.5136691522001,0.0,167.4688322574614,76.258
320520,Vila Velha,Espírito Santo,3.8873674473378954,94,483772.0,122.6017793703658,0.0,69.3409942894453,51.339999999999996
320530,Vitória,Espírito Santo,1.279435197151297,23,359786.8,1276.146341273226,0.0,45.21197032470686,70.10600000000001
330010,Angra dos Reis,Rio de Janeiro,0.20257911119948696,2,195718.2,184.7021581763742,0.0,5.201829715030442,58.714
330030,Barra do Piraí,Rio de Janeiro,0.19925478709626,1,98364.0,364.9745655965458,0.0,40.803894962158175,63.94199999999999
330040,Barra Mansa,Rio de Janeiro,0.3281960316382937,3,181576.0,237.00115266999802,0.0,18.42982602606076,99.88199999999999
330070,Cabo Frio,Rio de Janeiro,0.09594580980662122,1,217164.6,2975.3568262638,0.0,375.1139536894798,98.454
330130,Casimiro de Abreu,Rio de Janeiro,0.47620181432891256,1,42190.0,180.5700095414042,0.0,39.337481227898,57.480000000000004
330160,Duas Barras,Rio de Janeiro,33.80377656173746,19,11276.2,10.77921871337886,0.0,14.207254336909239,15.047999999999998
330227,Japeri,Rio de Janeiro,0.19888228157753424,1,102078.0,38.77653291859574,0.0,39.5830125549316,56.65599999999999
330240,Macaé,Rio de Janeiro,0.563922122403487,7,245308.2,428.72803971922474,0.0,51.91807825404508,23.82
330320,Nilópolis,Rio de Janeiro,0.12325213072120984,1,159942.2,0.0,0.0,0.44583695190429645,33.544
330330,Niterói,Rio de Janeiro,0.07924891385051093,2,503795.4,456.3462835247322,0.0,1.110210722694546,100.0
330370,Paraíba do Sul,Rio de Janeiro,0.46596151157914356,1,43269.0,216.7615855066728,0.0,78.78650832289748,56.65599999999999
330410,Porciúncula,Rio de Janeiro,4.372861436652385,4,18408.0,1.968746264461738,0.0,13.870737286415201,18.668
330420,Resende,Rio de Janeiro,0.1534519005017877,1,127979.2,348.150240910064,2099.335373497706,0.0,99.268
330455,Rio de Janeiro,Rio de Janeiro,0.06396034720607595,21,6580712.8,2376.199649925968,0.0,121.87050285299799,63.263999999999996
330475,São Francisco de Itabapoana,Rio de Janeiro,0.48496605237633367,1,41625.6,1110.576263854332,0.0,90.07048744160713,1.8259999999999998
330500,São João da Barra,Rio de Janeiro,0.5783188271694184,1,35376.2,1223.559870440846,0.0,251.60059424978863,34.688
330570,Sumidouro,Rio de Janeiro,27.76492364645997,21,15334.2,4.795354901123043,0.0,6.2341863035290235,100.0
330600,Três Rios,Rio de Janeiro,0.25188282411022395,1,80230.6,243.6018803160088,735.621149858823,0.0,99.966
330615,Varre-Sai,Rio de Janeiro,5.627705627705628,3,10677.8,5.619207136891084,0.0,10.695904259765566,31.07
330630,Volta Redonda,Rio de Janeiro,0.3699753655550325,5,267368.0,289.8925934330598,0.0,3.616814023652912,88.076
350160,Americana,São Paulo,0.1689918258282109,2,234304.0,61.85301521491554,710.0330691272591,0.0,82.886
350190,Amparo,São Paulo,1.41161441939678,5,71222.0,76.87328471617928,0.0,154.51839646120078,87.486
350200,Analândia,São Paulo,4.054327995134806,1,4858.6,6.274323898925776,0.0,56.63843757327093,100.0
350320,Araraquara,São Paulo,0.603040854445012,7,231151.6,65.21884174888454,0.16621564941406203,185.19562561381235,98.402
350380,Artur Nogueira,São Paulo,1.4835489580921972,4,52243.2,12.423700539550747,0.0,33.6483992860849,92.522
350400,Assis,São Paulo,0.19159657425325236,1,102968.2,35.14489871337888,0.0,79.15272358977191,96.226
350410,Atibaia,São Paulo,3.8733625227318953,27,139895.6,197.7118936790182,0.0,128.1183069431338,81.22999999999999
350530,Barra Bonita,São Paulo,1.104248200719443,2,36246.2,198.0053322830588,898.6836165794863,0.0,80.074
350570,Barueri,São Paulo,0.07371749979727688,1,268046.4,73.11858973381014,13.902141508966162,0.0,60.678
350590,Batatais,São Paulo,0.32530904359141183,1,61528.2,78.01665873220647,0.0,78.21099538520596,78.1525
350610,Bebedouro,São Paulo,0.2574168221893301,1,77603.0,15.53766505859372,0.0,105.4930096249662,83.688
350635,Bertioga,São Paulo,0.6324210659457067,2,59755.8,672.5366104558531,0.0,4.965844399007156,54.986000000000004
350660,Biritiba Mirim,São Paulo,0.61353457267317,1,31855.8,593.8444661044774,0.0,322.10662967178797,68.792
350700,Boituva,São Paulo,1.3356207655466357,4,58251.0,52.76395875664432,0.0,56.86856309411367,72.2
350710,Bom Jesus dos Perdões,São Paulo,0.7859163784973278,1,24184.8,3.24423358032226,0.0,11.795469301757759,78.572
350840,Cabreúva,São Paulo,0.8259968763277739,2,48057.6,154.82681587032238,0.0,32.75264529418942,69.826
350900,Caieiras,São Paulo,0.19974233239121536,1,98523.6,28.78183413484222,0.0,6.858862451171871,60.477999999999994
350920,Cajamar,São Paulo,0.54111822080329,2,74208.0,19.03278930033124,0.0,0.0,59.278
350940,Cajuru,São Paulo,1.5423173317910162,2,25686.4,184.7529600863676,12.77333866979738,61.77776845816089,92.772
350950,Campinas,São Paulo,1.0711602210849858,63,1183612.8,273.89321812049957,4.784535052427998,265.61628007537246,78.27799999999999
350960,Campo Limpo Paulista,São Paulo,0.48963803508256526,2,82689.0,7.565541939017495,0.0,6.511362001177616,72.648
351020,Capão Bonito,São Paulo,0.42409720307894566,1,47344.2,92.45221794605898,0.0,137.0183652242978,89.092
351040,Capivari,São Paulo,1.4772376763119013,4,54418.0,30.50607891581932,0.0,42.1355263809742,84.322
351050,Caraguatatuba,São Paulo,0.1671891327063741,1,117266.2,50.930128214427235,0.0,26.767932670898382,84.53
351060,Carapicuíba,São Paulo,0.2521667026854416,5,396576.8,14.43871204902914,0.0,5.330108091744214,54.748000000000005
351240,Cordeirópolis,São Paulo,2.4817077545228363,3,23858.6,103.15888457716756,0.0,66.0212026466518,81.67750000000001
351300,Cotia,São Paulo,1.01297899006397,12,238979.6,311.9412796049394,0.0,37.60755232418522,36.196
351340,Cruzeiro,São Paulo,0.24568213645185857,1,81669.0,122.9719394760422,0.0,9.637126176623745,99.98400000000001
351350,Cubatão,São Paulo,0.6209784195818745,4,128821.2,1208.1008819102922,0.0048196249569163,15.479815489789129,49.21
351400,Dobrada,São Paulo,2.2609088853719195,1,8756.0,19.44635820434572,0.0,20.46686184941304,88.786
351410,Dois Córregos,São Paulo,0.754233133461553,1,26908.2,5.137388593285648,2310.162452802742,0.0,91.538
351500,Embu das Artes,São Paulo,0.22432423697077,3,267570.4,14.699510398504481,0.0,10.241356276855452,54.99399999999999
351515,Engenheiro Coelho,São Paulo,1.0257988408473098,1,19644.8,57.63281168849576,0.0,11.72217466169286,97.85
351520,Estrela d'Oeste,São Paulo,7.088847144779211,3,8445.8,2.939553724365228,0.0,49.622017632874716,92.904
351630,Francisco Morato,São Paulo,0.11887567387647628,1,171927.8,0.0,0.0,1.8160532840983041,34.708
351720,Guaiçara,São Paulo,1.6436554898093358,1,11892.2,7.384221499042576,1808.808681123046,0.0,97.39
351740,Guaíra,São Paulo,0.5023484791399794,1,40295.2,1165.287025603812,2517.036164782528,0.0,80.94
351820,Guararapes,São Paulo,0.6071829745893925,1,32643.0,210.39480226677279,197.9468385306174,0.0,78.136
351830,Guararema,São Paulo,0.6790940884859598,1,29047.0,96.04963380356239,0.0,51.84649175920081,56.94200000000001
351870,Guarujá,São Paulo,0.25292235053924605,4,315756.0,1114.115210262748,0.0,2.6166767854003856,65.764
351880,Guarulhos,São Paulo,0.20792640890569114,14,1351212.4,75.37937785176356,0.0,21.502256168906985,68.458
351905,Holambra,São Paulo,5.825566037145307,4,14118.8,23.084304170548922,0.0,48.66457023552866,99.24
351907,Hortolândia,São Paulo,0.18063917620134748,2,223049.6,3.99459620971679,0.0,21.75566537966258,78.252
351930,Ibaté,São Paulo,0.5963918294319368,1,34295.0,5.397961562318086,0.0,27.43178595352228,96.23333333333333
352000,Igaraçu do Tietê,São Paulo,2.439354929725673,3,24568.8,116.7586648983926,235.54844701432322,0.0,92.1075
352040,Ilhabela,São Paulo,1.7816379215738904,3,33527.2,144.16410059652122,0.0,1.20811310520067,48.874
352050,Indaiatuba,São Paulo,0.16994735880560996,2,240907.4,108.96424195040545,0.0,160.2590304707986,85.81
352140,Iracemápolis,São Paulo,6.9219231497585225,8,23363.2,159.98697249620983,0.0,16.85503837334364,100.0
352210,Itanhaém,São Paulo,0.20525662209177026,1,98920.4,174.59811138072,0.0,3.533040948486324,49.974000000000004
352220,Itapecerica da Serra,São Paulo,0.11515961122115252,1,171326.2,84.17394185391306,0.0,10.366306678466772,27.910000000000004
352230,Itapetininga,São Paulo,0.12737555408366025,1,160355.8,116.05793431703758,0.0,471.9742865521486,85.512
352260,Itapira,São Paulo,0.541682465738584,2,73858.6,164.9759549227652,3.804212676173786,149.17150455255202,100.0
352310,Itaquaquecetuba,São Paulo,0.32911764278017264,6,361514.4,70.29409813787234,0.0,23.43427257944618,52.910000000000004
352340,Itatiba,São Paulo,2.3993145124557778,14,116929.4,132.2391724861264,0.0,130.3276828660476,82.236
352390,Itu,São Paulo,0.11753850855386497,1,170420.4,225.39733560800977,0.0,123.0796072982242,96.394
352400,Itupeva,São Paulo,0.6618147583288663,2,57531.2,98.51010952324128,0.0,82.10662296403957,71.27000000000001
352440,Jacareí,São Paulo,0.0882850193564905,1,230025.8,395.3240766715812,1610.662213119186,0.0,79.53
352470,Jaguariúna,São Paulo,2.5431738385986895,7,54577.8,39.027001146173184,0.0,116.5422212014482,88.056
352500,Jandira,São Paulo,0.16008068066305417,1,121783.8,0.6160286700080392,0.0,1.980269029780364,55.30800000000001
352520,Jarinu,São Paulo,4.992390806232799,7,28705.0,81.0594642650168,0.0,59.63484364187914,31.036
352550,Joanópolis,São Paulo,3.0845685378764687,2,12965.4,978.4956234415804,0.0,24.89854038208002,69.642
352585,Jumirim,São Paulo,6.178560395427866,1,3250.2,49.57361970823282,0.0,5.861031611088768,59.77
352590,Jundiaí,São Paulo,0.8257289570841848,17,410181.0,115.0536422356912,0.0,210.16420622940882,99.354
352610,Juquiá,São Paulo,1.0331112144222325,1,19109.0,312.5647196848474,266.3362434409898,0.0,72.464
352640,Laranjal Paulista,São Paulo,0.7171029042667623,1,27934.0,379.7711667130954,0.0,45.891771539995936,90.668
352670,Leme,São Paulo,1.1840706951540603,6,101334.2,210.757590277975,0.0,81.54237494359396,99.21799999999999
352690,Limeira,São Paulo,0.4643864677880817,7,301169.6,191.20267914231982,25.21266855834958,26.676974244054474,96.396
352720,Lorena,São Paulo,0.22835221044939713,1,87944.8,104.20287012227098,0.0,31.543254297832355,90.506
352730,Louveira,São Paulo,0.4355211009973433,1,46264.2,8.602611923828121,0.0,23.432030086262962,78.378
352840,Mairinque,São Paulo,1.2909189770755,3,46575.6,36.79927677735806,242.83778979085258,0.0,71.92999999999999
352940,Mauá,São Paulo,0.043697126476962875,1,462809.4,17.853748607263842,0.0,9.25562502671185,91.602
353060,Mogi das Cruzes,São Paulo,0.045375241906758415,1,434893.2,509.6147016018182,0.0,1423.7408554072206,77.116
353130,Monte Alto,São Paulo,0.40016807058964765,1,49974.0,23.431410778808498,0.0,40.78720047995158,96.59
353140,Monte Aprazível,São Paulo,12.435330162677264,15,24451.8,18.90664975708006,0.0,29.34323995377602,91.926
353290,Nova Europa,São Paulo,5.420020410837384,3,10798.4,2.897741455216944,25.477350791015418,0.0,82.51599999999999
353440,Osasco,São Paulo,0.028783439160444645,1,696876.0,40.473634712162934,0.0,1.199440440673826,58.803999999999995
353470,Ourinhos,São Paulo,0.3627065160225603,2,111880.8,446.5142866377244,10.797395750201002,37.427767585363014,78.082
353510,Palmares Paulista,São Paulo,1.6212710765239948,1,12787.0,12.989147630146102,0.0,4.36125117065429,96.446
353710,Pedreira,São Paulo,0.8512669319465171,2,46710.2,23.101420161850818,14.88985155078598,22.95263656997268,77.844
353760,Peruíbe,São Paulo,0.6070527977895294,2,66707.4,261.3453425284342,0.0,8.917054482206439,90.128
353870,Piracicaba,São Paulo,0.4552138491988592,9,397656.2,660.1501035659679,728.5220602959241,0.0,100.0
353900,Pirangi,São Paulo,3.540624367130044,2,11318.8,0.26731352539062436,0.0,7.781963194771558,89.434
353910,Pirapora do Bom Jesus,São Paulo,1.0584810796507012,1,18246.4,159.76721192947622,196.913462248536,0.0,48.326
353930,Pirassununga,São Paulo,0.8012784019863897,3,75487.0,313.6710880495656,11.18347552246088,133.08751901744395,80.652
353960,Planalto,São Paulo,4.0477636106051404,1,5083.4,43.84453225910008,45.06375483771816,0.0,94.49600000000001
354020,Pontal,São Paulo,0.8396658130064235,2,47888.4,340.0424993794518,0.0,20.92366576078524,87.748
354220,Rancharia,São Paulo,0.6706683209818585,1,29758.6,101.6358441025869,553.3758050011742,0.0,98.61
354260,Registro,São Paulo,0.35488679111363475,1,56327.4,1101.956637674622,0.0,64.85131906249993,88.514
354340,Ribeirão Preto,São Paulo,0.32193358650485815,11,684171.4,249.1739454689362,0.0,80.4168713880302,93.474
354520,Salto,São Paulo,0.16854453367941144,1,116355.8,134.129401309766,3.9355142004394503,25.32151688407143,93.52799999999999
354580,Santa Bárbara d'Oeste,São Paulo,0.31243541223978866,3,191812.6,111.9206672859444,0.0,267.983557547391,97.696
354630,Santa Cruz das Palmeiras,São Paulo,1.2085236348319808,2,33529.2,68.65620478903386,0.0,90.00244948795098,100.0
354640,Santa Cruz do Rio Pardo,São Paulo,0.42650288955707677,1,47148.4,242.53728075159802,0.0,124.13535857398378,91.87
354670,Santa Gertrudes,São Paulo,2.368750436083089,3,25773.4,76.34729938466984,0.0,73.11662540662302,77.67
354680,Santa Isabel,São Paulo,0.3521622763769545,1,56118.8,100.32774640581864,384.4564593655304,0.0,70.76599999999999
354730,Santana de Parnaíba,São Paulo,0.14342366633918263,1,132737.2,127.2907492946672,52.60680771646654,0.0,31.028
354780,Santo André,São Paulo,0.056120738156068974,2,714614.4,594.6908750006043,0.0,5.530162272949214,83.962
354800,Santo Antônio de Posse,São Paulo,1.770450325676179,2,22836.4,42.21371410146198,0.0,57.88630969209572,89.85
354850,Santos,São Paulo,0.8299059334900202,18,433867.0,2162.5043288867537,0.0,8.664734993053951,97.628
354870,São Bernardo do Campo,São Paulo,0.0976171792887302,4,827756.0,6257.300302752478,458.90387160051296,0.0,73.24199999999999
354880,São Caetano do Sul,São Paulo,0.12478552487911403,1,159571.8,0.0220193017003676,0.0,1.8494749696260322,85.19
354890,São Carlos,São Paulo,0.08204623305232499,1,246528.0,196.5916132495688,0.0,298.09259824493904,84.07000000000001
354910,São João da Boa Vista,São Paulo,0.2192717983576542,1,90105.6,47.85265827872236,18.64863783447262,211.31928123525617,93.086
354920,São João das Duas Pontes,São Paulo,7.656967840735069,1,2592.4,0.9428664131002975,0.0,15.96276575805662,95.108
354980,São José do Rio Preto,São Paulo,0.08819282216626083,2,451354.0,74.09345716255916,0.0,49.27927245385748,91.15
354990,São José dos Campos,São Paulo,0.25568687701473436,9,704739.0,441.1580330638062,1046.038529638061,0.0,94.646
355030,São Paulo,São Paulo,0.19036969995671332,115,12108361.8,5567.062056859152,0.0,169.8173086983704,74.114
355040,São Pedro,São Paulo,1.1512169700907973,2,34949.6,126.74704606177279,331.25499310066044,0.0,91.814
355060,São Roque,São Paulo,0.23117378489279314,1,88690.6,39.26010683894374,0.0,41.5276708021599,68.7
355070,São Sebastião,São Paulo,0.46558573915209356,2,85885.6,122.34228310045619,0.0,2.722880397690714,73.32
355150,Serrana,São Paulo,0.46746447270007474,1,43905.8,94.53218083640175,0.0,7.393631875095738,92.89
355170,Sertãozinho,São Paulo,0.8058016326340987,5,122895.0,355.3058495357328,0.0,37.79893686434868,80.0
355180,Sete Barras,São Paulo,1.5269506794930523,1,13002.2,577.0715889266846,0.0,57.71551302368164,70.45599999999999
355220,Sorocaba,São Paulo,0.06202329284762893,2,661567.0,112.37532417759533,0.0,90.26078561470274,84.76
355240,Sumaré,São Paulo,0.8853319528850129,12,273899.2,102.14721390778624,0.0,42.32179342897892,82.864
355250,Suzano,São Paulo,0.2083206293301644,3,291276.0,612.602315796326,0.0,198.38748106263878,77.252
355370,Taquaritinga,São Paulo,0.7034716275020825,2,56894.0,25.952550258789017,0.0,57.647686099288684,83.80199999999999
355410,Taubaté,São Paulo,0.06615266049462346,1,308447.2,83.84486957175803,0.0,68.68907945569553,93.7
355450,Tietê,São Paulo,5.794019103787484,12,41105.4,436.7212638427068,0.0,76.0984502356148,86.322
355480,Tremembé,São Paulo,0.42879807898460615,1,46011.4,133.7108047876402,0.0,147.5827177384916,75.69800000000001
355540,Ubatuba,São Paulo,0.6695826421642417,3,88523.0,273.80699426129223,0.0,1.3436506015672842,38.519999999999996
355620,Valinhos,São Paulo,0.318587053368959,2,124552.2,44.65401547580612,0.0,63.531891369997425,95.34400000000001
355630,Valparaíso,São Paulo,0.7654037504783774,1,25710.2,93.22098740935215,513.8156408754494,0.0,77.994
355645,Vargem Grande Paulista,São Paulo,0.3868322308614754,1,50581.4,3.446693152640546,0.0,7.594047676245589,25.28
355650,Várzea Paulista,São Paulo,0.8406782044572338,5,119140.0,1.72882441894531,0.0,6.092511423339841,95.74
355670,Vinhedo,São Paulo,1.0667208552302074,4,75514.0,50.759107133176244,0.0,26.5544814544031,86.66
355690,Vista Alegre do Alto,São Paulo,4.588719319387339,2,8388.8,25.1503589587401,0.0,32.20207461373124,98.685
355700,Votorantim,São Paulo,0.16680845385244125,1,120072.2,45.69914218915146,817.8054956811145,0.0,93.086
410140,Apucarana,Paraná,0.1495595471336913,1,132682.8,48.407508902492125,0.0,35.68862756103512,74.154
410180,Araucária,Paraná,0.14143271338660632,1,138318.4,1042.466509352299,0.0,398.88878500940217,52.022000000000006
410240,Bandeirantes,Paraná,1.2255277428842795,2,32116.0,308.445708114444,0.0,40.97467065307614,93.402
410345,Cafelândia,Paraná,1.2040214315814821,1,17315.4,10.178284328316472,0.0,36.4161581017061,78.066
410360,Cambará,Paraná,12.645855135977065,16,25294.0,122.192221992541,634.056256456825,0.0,93.912
410370,Cambé,Paraná,0.18920759857715888,1,105199.6,25.50114307662658,0.0,28.15878745216754,85.29400000000001
410600,Congonhinhas,Paraná,2.267316630767487,1,8786.2,114.0025250200528,0.0,30.76886008197858,58.501999999999995
410640,Cornélio Procópio,Paraná,1.2331389882471415,3,48307.0,184.9533202644514,0.0,65.56164640093627,92.144
410690,Curitiba,Paraná,0.08464477055530122,8,1906400.2,570.7099411209571,0.0,109.61523171360864,93.436
410720,Dois Vizinhos,Paraná,0.5018065034122843,1,39873.8,260.25956250345104,0.0,30.4354119455901,66.758
410800,Florestópolis,Paraná,1.7849174475680498,1,10926.2,10.206533047061681,312.8024295910536,0.0,34.474000000000004
410890,Guairaçá,Paraná,3.0520372348542653,1,6563.6,0.8746767321777339,0.0,3.893774695815138,58.501999999999995
411180,Jacarezinho,Paraná,0.5078978109604347,1,39914.4,287.9247129494628,78.85288692880201,0.0,80.914
411290,Jundiaí do Sul,Paraná,260.43848701271327,43,3387.2,65.57838025562484,0.0,14.894294577756341,58.501999999999995
411370,Londrina,Paraná,0.10910023061752314,3,558751.4,951.3958647727268,71.7471778408393,68.3178210384927,90.226
411580,Medianeira,Paraná,0.4387311894002545,1,45544.0,1.0845192084051365,0.0,7.356267208079609,33.160000000000004
411750,Paiçandu,Paraná,0.4904725703215048,1,40246.6,6.840167453661148,0.0,8.973864490272671,61.146
411790,Palotina,Paraná,0.6336332530731213,1,31350.0,524.427383785132,0.0,172.1875519425452,60.576
412190,Ribeirão do Pinhal,Paraná,14.774130755718696,10,13389.0,232.9700795580232,3.78637029469209,7.36018881297389,60.364
412240,Rolândia,Paraná,1.2139259836095209,4,64881.4,21.24733836547846,0.0,20.10997856723436,52.33
412380,Santa Izabel do Oeste,Paraná,1.3996780740429702,1,14409.0,3.98061033246208,0.0,14.302491264624459,58.501999999999995
412575,São Pedro do Iguaçu,Paraná,3.181673560292714,1,6176.6,7.306481461545452,0.0,13.0851195031738,58.501999999999995
412660,Siqueira Campos,Paraná,0.962556550197324,1,20539.8,9.578260556717211,212.9378576442776,0.0,66.694
412740,Terra Roxa,Paraná,1.1468547508458053,1,17527.4,749.0624650529307,1.0472212548301527,88.5571782520439,35.815999999999995
412770,Toledo,Paraná,0.1443293017348382,1,136129.2,93.33352311849885,0.0,150.93121304865082,78.45
420120,Antônio Carlos,Santa Catarina,2.3778385447628105,1,8318.4,0.3657463085937496,0.0,3.991192579345698,28.377
420240,Blumenau,Santa Catarina,0.11493177044307479,2,348152.6,406.1385866014708,0.0,46.61333347785024,31.815999999999995
420290,Brusque,Santa Catarina,0.16289961311341886,1,128765.8,88.43848774993282,0.0,20.6182965519732,28.377
420540,Florianópolis,Santa Catarina,0.0837472623821064,2,485455.2,3270.43259908153,0.0,22.34843625584974,47.832
420650,Guaramirim,Santa Catarina,0.4775663220229709,1,42854.0,149.14809075707018,0.0,95.69568962323822,28.377
420820,Itajaí,Santa Catarina,0.1837388564599533,2,212455.0,519.4838749885942,0.0,43.91162692224826,14.868
421130,Navegantes,Santa Catarina,0.2522545248155389,1,77126.6,288.1796876697448,0.0,27.85373964710188,31.048333333333332
421750,Seara,Santa Catarina,2.2803717005871955,2,17499.0,22.99365026751586,0.0,16.95814574462884,28.377
431560,Rio Grande,Rio Grande do Sul,0.09478448378000522,1,209377.8,10365.4524988996,0.0,1646.2639792863022,22.77
500070,Anastácio,Mato Grosso do Sul,0.795703202705391,1,24963.4,319.5851767735566,0.0,196.08706858756,14.059999999999999
500100,Aparecida do Taboado,Mato Grosso do Sul,2.359325232983367,3,25081.4,376.5086770977896,26065.94816843154,0.0,14.919999999999998
500325,Costa Rica,Mato Grosso do Sul,0.9604763962925611,1,20164.2,108.45969362026048,0.0,179.7744174319372,64.42999999999999
500620,Nova Andradina,Mato Grosso do Sul,0.3678228565123037,1,52634.6,1444.312220523998,0.0,371.67686756713783,11.344
500790,Sidrolândia,Mato Grosso do Sul,0.3468308332610769,1,54530.2,324.2098224620564,0.0,509.70939507819077,4.958
510060,Alto Taquari,Mato Grosso,2.007427481682224,1,10257.4,49.5903462480612,0.0,31.40398481323234,30.05333333333333
510170,Barra do Bugres,Mato Grosso,2.976838718901124,5,34052.6,1591.551762084202,679.0160523564297,0.0,27.276
510263,Campo Novo do Parecis,Mato Grosso,0.6101653548111539,1,33646.4,267.2238496671734,100.61625913998311,0.0,29.48
510325,Colniza,Mato Grosso,0.5956813104988832,1,36096.6,8269.6231422339,0.0,255.118329279488,29.323
510340,Cuiabá,Mato Grosso,0.033891526779389884,1,595134.8,489.6401010626434,0.0,530.3288353698488,50.745999999999995
510350,Diamantino,Mato Grosso,2.8484618306114697,3,21496.6,324.2698732370842,0.0,120.18584701435138,17.044
510460,Itiquira,Mato Grosso,1.6035920461834507,1,12877.8,2139.644399331774,894.121005676735,0.0,29.323
510517,Juruena,Mato Grosso,1.4354410392593124,1,14902.2,3172.233124505102,0.0,122.9224373120112,29.323
510523,Lambari D'Oeste,Mato Grosso,17.06414951723629,5,5933.0,620.4374059430586,0.0,89.45142121824729,25.29
510525,Lucas do Rio Verde,Mato Grosso,0.34913153530592655,1,61436.2,162.7603373130164,538.000036734908,0.0,28.410000000000004
510622,Nova Mutum,Mato Grosso,3.2200493834223303,7,42558.8,760.1777195435088,0.0,237.799382954637,29.323
510704,Primavera do Leste,Mato Grosso,0.9932561362129579,3,59628.6,531.5374602468562,24.40863964076376,184.57666905763142,74.554
510710,São José dos Quatro Marcos,Mato Grosso,1.0578652279699565,1,18696.6,100.10042958900097,0.0,63.99281105740174,8.106666666666667
510792,Sorriso,Mato Grosso,0.2346784318787182,1,85288.2,4008.761401063828,477.4182503936586,591.7311882832894,18.296
510795,Tangará da Serra,Mato Grosso,0.4087020083357807,2,99112.6,476.64427425499264,622.6557679767518,0.0,29.262
510800,Tapurah,Mato Grosso,1.6253555465258025,1,12993.6,389.79502800008123,0.0,155.2561673266598,29.323
520140,Aparecida de Goiânia,Goiás,0.036894242653433926,1,548054.2,1.634566362319044,0.0,23.66242070068354,40.826
520410,Cachoeira Alta,Goiás,1.626412946247052,1,12062.0,357.3255845631028,1918.341471350818,0.0,70.36
520510,Catalão,Goiás,0.19882692116512576,1,103432.2,455.76525370706923,13475.83336477308,0.0,69.336
520547,Chapadão do Céu,Goiás,2.259121201852479,1,9312.2,36.90223795873542,0.0,65.68081463730756,68.098
520870,Goiânia,Goiás,0.027958400695605012,2,1471451.8,51.56567355446724,0.0,668.389587842815,83.976
521190,Jataí,Goiás,0.20833767370153544,1,98351.8,754.961826587421,177.68855619137702,211.0649830795178,74.974
521310,Mineiros,Goiás,0.3245541437450303,1,63411.6,252.75618876752478,0.0,109.86851551800393,94.9975
521760,Planaltina,Goiás,0.22681394452130918,1,88722.8,438.8690310335078,0.0,155.2470864475186,39.17
521880,Rio Verde,Goiás,0.09214551619918175,1,220375.8,260.4880416173552,167.4376728448886,521.3314038450765,59.214
522050,Serranópolis,Goiás,9.593257057709355,4,8339.0,1073.264460729434,490.5014863258222,0.0,66.626
530010,Brasília,"Distrito Federal
",0.06026069515684507,9,2984292.2,1668.7667586339219,3924.4195818705384,0.0,83.72999999999999
